Date,Close,High,Low,Open,Volume,RSI_14,MACD,MACD_signal,MACD_diff,SMA_20,SMA_50,EMA_20,EMA_50
2024-01-12,377.2759399414063,392.2472073993986,374.9304352811631,387.25678491340113,261050.0,51.71574260754669,6.08741455118394,3.839633526684098,2.247781024499842,371.86132354736327,371.9731121826172,375.46054070730077,376.5153178433577
2024-01-15,377.2759399414063,377.2759399414063,377.2759399414063,377.2759399414063,0.0,51.71574260754669,5.4094619127063766,4.153599203888554,1.2558627088178227,373.398373413086,371.2664685058594,375.6334358724537,376.54514616092825
2024-01-16,369.69049072265625,377.7250891799774,359.4601246526011,364.25094850234376,477879.0,47.71567497284538,4.211549088327047,4.165189180776252,0.04635990755079433,374.2916595458985,370.5368682861328,375.0674410962825,376.2763361437411
2024-01-17,362.8536071777344,368.8920366679959,361.3065883889992,366.6962385880605,156948.0,44.38350086636937,2.6796261187673736,3.8680765683744767,-1.188450449607103,374.369010925293,370.0118756103516,373.90421881832555,375.74995461566243
2024-01-18,368.89202880859375,374.3814934323552,350.3276514436854,367.8939443315462,270844.0,47.84760400799983,1.9305619722148322,3.480573649142548,-1.5500116769277157,375.12006988525394,369.7543701171875,373.4268673888273,375.4810163487186
2024-01-19,373.5331115722656,379.0724681774645,369.29125258981503,369.29125258981503,191425.0,50.40448286363306,1.6919164713374357,3.1228422135815257,-1.43092574224409,375.8985763549805,369.60565490722655,373.4369858824881,375.4046279261126
2024-01-23,352.5733337402344,373.28358618215896,350.3276437164112,373.28358618215896,183085.0,40.699820596064406,-0.18634266804582467,2.461005237256056,-2.6473479053018805,375.4968475341797,368.5666491699219,371.44997139274966,374.5092830560782
2024-01-24,357.26434326171875,358.01290660382955,349.5790807657333,352.57333413417643,170039.0,43.32967258978214,-1.281578069916634,1.712488575821518,-2.994066645738152,374.9129684448243,367.64641540527344,370.0989591897943,373.8330109072798
2024-01-25,359.0608825683594,361.3564646304576,352.9725613030343,357.26434273359735,123056.0,44.347594203311075,-1.9817499293150718,0.9736408747942,-2.955390804109272,374.34905090332035,367.0874877929688,369.0477137972767,373.25371175673394
2024-01-29,380.2203063964844,384.2625364796999,356.3660622321352,360.1588016468886,398690.0,54.67416690122625,-0.8198023350980179,0.6149522328157564,-1.4347545679137743,374.94790191650395,366.7022277832031,370.1117702352965,373.5269115465281
2024-01-30,366.69622802734375,383.2644363139915,364.84976566681934,376.9265938404125,200838.0,48.48201692129926,-0.9789459151147071,0.29617260322966366,-1.2751185183443707,374.9129684448243,366.20019104003904,369.78648050120574,373.2590416045993
2024-01-31,353.4716186523437,367.29509503276535,351.2758510335991,367.29509503276535,402971.0,43.315875965294794,-2.1474295713658194,-0.19254783168943296,-1.9548817396763865,374.21181335449216,365.50153198242185,368.23268413464746,372.4830642339226
2024-02-01,346.7844543457031,357.46393968552525,345.437034246342,353.4716018854152,506507.0,40.94024056794962,-3.571885092076684,-0.8684152837668833,-2.7034698083098005,372.6373352050781,364.82283447265627,366.18999558331944,371.4752756108552
2024-02-02,334.25848388671875,351.7249621626952,332.61165059823657,349.8286077559848,401226.0,36.86206076633655,-5.646428968654334,-1.8240180207443735,-3.8224109479099604,370.7010498046875,363.6590673828125,363.14889923126225,370.0157935824577
2024-02-05,329.7172241210937,337.0032288637766,325.4753649516541,337.0032288637766,440050.0,35.482074918422484,-7.5697028251264555,-2.97315498162079,-4.5965478435056655,368.003727722168,362.47533935546875,359.96493017315095,368.43545752514933
2024-02-06,345.08770751953125,348.4811886455419,323.37937017014644,334.70763506268406,1240365.0,43.22881282420084,-7.764141469209392,-3.931352279138511,-3.832789190070881,366.43673553466795,361.68485595703123,358.54805182518714,367.5198594857133
2024-02-07,353.3717956542969,356.31615703473085,340.69614111648906,347.28350473332506,422369.0,46.927518176832336,-7.16716025403133,-4.578513874117075,-2.5886463799142554,363.98144683837893,361.09299133300783,358.05507504700716,366.96503345310873
2024-02-08,353.3218994140625,359.0109930289541,346.6846438361026,354.3199838756841,224291.0,46.90769498211861,-6.621743215673746,-4.9871597424284095,-1.6345834732453364,361.8280792236328,360.6877691650391,357.60429641529817,366.4300085888324
2024-02-09,354.8689270019531,362.3046686102472,340.1971033254407,353.3219082314808,278057.0,47.6461257862766,-5.995551104927415,-5.188838014928211,-0.8067130899992039,360.08143157958983,360.50412109375,357.34378504259865,365.97663284032734
2024-02-12,343.3909606933594,361.1568831025652,338.79979635193934,354.868932465153,118731.0,42.880799237670075,-6.352240625627303,-5.42151853706803,-0.9307220885592731,357.98046417236327,360.09690246582034,356.0149446283854,365.09092020711296
2024-02-13,334.9571533203125,344.3391412211814,329.5675032886747,344.2892491814643,122404.0,39.73600194416283,-7.232090375300459,-5.783632904714516,-1.448457470585943,355.8645248413086,359.60784118652344,354.0094406942832,363.90920385861097
2024-02-14,339.44854736328125,343.1414417685031,331.4139487960256,343.1414417685031,51365.0,42.16841349263182,-7.480726519049085,-6.123051627581431,-1.3576748914676546,353.9731552124023,359.471103515625,352.6226889484735,362.94996242742155
2024-02-15,336.7536926269531,341.7940374540848,332.36212706980683,340.3468027952076,128255.0,41.096588757163744,-7.805250638912071,-6.459491429847558,-1.3457592090645125,352.32631530761716,359.11179321289063,351.1113559654716,361.92265772936395
2024-02-16,340.6462097167969,342.2431509244741,333.3602054343645,341.6942166620476,169827.0,43.33694137365178,-7.660044518943494,-6.699602047666746,-0.9604424712767479,351.21594543457024,358.7335186767578,350.11467537035975,361.08828721906724
2024-02-19,346.18560791015625,354.9188471083987,339.39861517204946,343.3410610509045,193324.0,46.45790042138793,-7.0170957711338815,-6.763100792360174,-0.2539949787737079,350.0806243896484,358.7005822753906,349.74047846938794,360.50386842263936
2024-02-20,352.9725646972656,356.01674058876154,343.3909477484494,343.3909477484494,174272.0,50.085442540745824,-5.891984435603206,-6.58887752100878,0.6968930854055744,349.0525970458984,358.77244445800784,350.0482962053763,360.20852317850705
2024-02-21,347.48309326171875,364.400636779684,344.8381755756112,356.26625464881266,460870.0,47.294397212312866,-5.381248381990588,-6.347351693205142,0.9661033112145541,348.7980850219726,358.9461102294922,349.8039911631232,359.709486711182
2024-02-22,349.0800476074219,351.2259231520693,342.342977353383,348.331484245862,264101.0,48.198758978050584,-4.792381914893326,-6.0363577375427795,1.2439758226494533,348.38887023925776,359.285458984375,349.7350441578183,359.292645962015
2024-02-23,357.3641357421875,359.0109995008477,345.8861642266251,349.129938785371,176890.0,52.72991184557388,-3.6155663197800436,-5.552199453990233,1.9366331342101892,348.3040328979492,360.0030810546875,350.4616243087106,359.2170181102571
2024-02-26,361.955322265625,363.60215552797104,353.4716043805062,363.0033292210237,212155.0,55.0753201074437,-2.2861082668127892,-4.898981216554744,2.6128729497419547,347.3907836914062,360.39133544921873,351.5562622093691,359.32440258693816
2024-02-27,358.6117553710937,365.9976051764798,356.9649220071283,361.9553446004311,382297.0,53.01241436273218,-1.4851808463387783,-4.216221142511551,2.7310402961727727,346.9865600585937,360.9003588867188,352.2282139390572,359.2964556372972
2024-02-28,349.2796630859375,361.30656844300273,346.7345294802731,359.3103995565773,145525.0,47.648017691972925,-1.5851888804375562,-3.6900146900967523,2.104825809659196,346.77696228027344,360.95525329589844,351.9473995720934,358.90364024312623
2024-02-29,343.341064453125,353.2720173091823,340.8458532289017,347.4332169526755,303429.0,44.55801559589999,-2.1192122866317504,-3.375854209403752,1.2566419227720016,346.6047927856445,360.7855792236328,351.12774860838215,358.29334315332227
2024-03-01,346.1356811523437,349.3794556717843,339.847761190615,340.0473902677673,142809.0,46.322151331989474,-2.2905237395626727,-3.1587881154355366,0.8682643758728639,347.19865264892576,360.48216125488284,350.65231361256895,357.81657209446035
2024-03-04,350.6270751953125,353.3219155483982,343.5406995614981,351.3257465340005,140136.0,49.12403123019154,-2.040351435843718,-2.935100779517173,0.894749343673455,348.24414520263673,360.41728576660154,350.64990995378264,357.53463103959183
2024-03-05,346.1356811523437,352.32381703461704,343.3410568269356,352.32381703461704,57933.0,46.509574471701534,-2.1793834698523256,-2.7839573175842034,0.6045738477318778,348.29654388427736,360.18073974609376,350.21998340126464,357.0876133969546
2024-03-06,342.4427795410156,345.13758926995285,334.65770258613907,344.3391338967389,174352.0,44.41641540843735,-2.5580658646960615,-2.7387790270065753,0.18071316231051382,347.7500930786133,359.81743713378904,349.4792973193362,356.5133061869178
2024-03-07,351.6750793457031,359.3104196719068,340.9456709805004,346.23550664202145,182475.0,50.423485532789485,-2.0891228464396363,-2.6088477908931877,0.5197249444535514,347.6677520751953,359.47210021972654,349.6884194170854,356.32357180098785
2024-03-11,348.6808166503906,351.3257344113794,343.74028632658224,351.3257344113794,105407.0,48.589388663521866,-1.9367682426290003,-2.4744318812403505,0.5376636386113502,347.3583465576172,359.03893188476565,349.5924572488288,356.0238559127292
2024-03-12,342.39288330078125,350.3775594817329,334.6577282504844,348.5810195246677,121881.0,44.89619834888313,-2.2969321878445044,-2.4389319425611813,0.14199975471667692,347.3084426879883,358.521923828125,348.9067835394909,355.4893079671626
2024-03-13,335.755615234375,346.88425116926635,329.0185449491436,346.88425116926635,217089.0,41.32556569552656,-3.0824047292754244,-2.56762649990403,-0.5147782293713945,347.3483657836914,357.88913818359373,347.6542913199561,354.715437663916
2024-03-14,343.2412414550781,346.28541734909675,332.2623123390097,334.10877469126353,158272.0,46.49402769414664,-3.0655323526278835,-2.667207670448801,-0.3983246821790827,347.5380004882812,357.4040686035156,347.2340008566344,354.26546918513804
2024-03-15,346.6347351074219,348.1318618593269,339.4485449737509,345.23742289746826,131807.0,48.70016223730733,-2.74667236614863,-2.6831006095887666,-0.06357175655986325,348.0320526123047,356.7712829589844,347.17692792813796,353.96622471150215
2024-03-18,361.1568908691406,366.696247790132,343.6404892087234,346.68466528044064,253032.0,56.891603728468326,-1.3070896109505838,-2.4078984098611302,1.1008087989105464,349.0575866699219,356.53473693847656,348.5083529701382,354.24821161964485
2024-03-19,364.3507385253906,366.7461657188811,357.7134826196391,363.2528699306832,266943.0,58.4625173461404,0.09046409417265977,-1.9082259090543723,1.998690003227032,349.9658432006836,356.1484783935547,350.01715159444797,354.6443891453604
2024-03-20,363.25286865234375,371.237544711554,354.8190423811542,369.1914531959082,147289.0,57.6843556702764,1.0968032853033947,-1.307220070182819,2.4040233554862134,350.4798583984375,355.8849847412109,351.2776960761523,354.9819765770068
2024-03-21,363.8516845703125,370.73849184146985,354.91884676034294,368.9918440035342,146598.0,58.01263092063523,1.9205152799554526,-0.6616730001551647,2.5821882801106173,351.2982879638672,355.11246704101563,352.47521878988186,355.3298082630188
2024-03-22,368.9918518066406,370.28934947289696,361.3065889735545,366.3469035145369,143144.0,60.822236878443746,2.954029297125544,0.06146745930097697,2.8925618378245668,352.29387817382815,354.56451904296875,354.04823145814464,355.86557467649413
2024-03-26,372.6847534179688,378.72318303525856,355.36798091614185,370.2893566634529,314696.0,62.750736736642054,4.024688791856136,0.8541117258120088,3.170577066044127,353.0599090576172,354.22217651367185,355.8231383114612,356.5251503134147
2024-03-27,373.83251953125,377.27592307630886,363.5023698143139,372.6847285026038,282065.0,63.35450586372006,4.909218868936989,1.665133154437005,3.244085714499984,353.6537689208984,353.99062072753907,357.5383174752506,357.2038706748985
2024-03-28,382.1665344238281,383.9131822324006,370.38914995538784,376.9265909981108,260324.0,67.47674157943703,6.211102950742259,2.5743271136980557,3.636775837044203,354.83150787353514,354.0884326171875,359.8838619465437,358.18279866505264
2024-04-01,390.6502685546875,397.2376323692175,383.4640784053908,386.1588882892064,268859.0,71.04717285507499,7.837080917572905,3.6268778744730255,4.210203043099879,356.90003814697263,354.3559191894531,362.81399590922405,359.45603277837165
2024-04-02,383.4141540527344,392.2472079573385,379.77115172459867,391.199231417437,164997.0,64.5390974011836,8.444443912312067,4.590391082040834,3.8540528302712334,358.9036926269531,354.63039245605466,364.7759157324155,360.3955669459938
2024-04-03,384.6118774414063,389.0533352980351,378.07440553328775,383.41416382887576,148470.0,65.10881196184513,8.919610017117861,5.45623486905624,3.4633751480616217,360.82750244140624,355.0655578613281,366.66505494279556,361.34522618110805
2024-04-04,397.437255859375,402.228049224806,386.4084039761252,389.1531363219521,297295.0,70.56267489253054,10.213350286224,6.407657952489792,3.805692333734207,363.1680114746094,355.63646240234374,369.59574074437455,362.76059989398124
2024-04-05,412.95745849609375,417.6983598323027,396.2894352988265,407.2184726680514,605372.0,75.54438958478224,12.348651843737969,7.595856730739428,4.752795112998541,366.50910034179685,356.4249493408203,373.72542814930017,364.72910415288766
2024-04-08,400.7808227539063,420.8423274940805,397.6867851406126,416.2012406150179,338666.0,66.09385832415654,12.909527969550368,8.658590978501616,4.250936991048752,369.4260025024414,357.38909912109375,376.3021323973579,366.1428970392021
2024-04-09,390.0513916015625,405.1723954144727,386.8076171330314,403.9746818885977,201882.0,59.08041040453195,12.345934666002165,9.396059716001727,2.9498749500004386,371.3448181152344,358.04484008789063,377.6115856549012,367.0804850612555
2024-04-10,393.9938354492188,402.8268888969024,387.3565799685607,393.2452721139764,203897.0,60.729376660384254,12.078175493907054,9.932482871582792,2.145692622324262,373.61046905517577,358.7434991455078,379.1717999210267,368.13591056666587
2024-04-12,391.0494995117188,404.22422725018856,389.05333048826105,393.2452976211711,272029.0,58.822891646001196,11.495873839913372,10.245161065248908,1.2507127746644642,376.0432998657227,358.9600830078125,380.30300940585454,369.03448268215817
2024-04-15,385.0110778808594,395.9401148287211,374.4313765834952,383.2644300874919,254663.0,55.008829754146014,10.426950034010247,10.281518859001176,0.14543117500907066,378.50607299804693,359.3263800048828,380.7513968796645,369.6610158272053
2024-04-16,389.602294921875,398.6848700628949,383.314344227728,387.0571611436053,176683.0,57.27708198564775,9.83689940833807,10.192594968868557,-0.3556955605304868,380.82412567138675,360.04899353027344,381.59433955035126,370.4430267720943
2024-04-18,391.9477844238281,406.2203801929034,390.5005497554631,395.5408641565178,282856.0,58.43009301883844,9.449612189994639,10.043998413093775,-0.5943862230991357,383.0897781372071,360.95226013183594,382.58038191925385,371.2863506015741
2024-04-19,391.4986267089844,395.7903776734526,384.5120355376322,388.6041878869625,159342.0,58.10668653702294,9.002663899909123,9.835731510456846,-0.8330676105477224,384.6068649291993,362.09706298828127,383.42973856589487,372.0789888802961
2024-04-22,387.8556518554688,400.28178589537714,386.30860256884336,395.2414712362407,157894.0,55.42704994516457,8.259288597140994,9.520442927793676,-1.2611543306526816,385.78211059570316,363.25983154296875,383.8512541172829,372.69768154598916
2024-04-23,376.0283203125,394.1435471700372,374.2317804681124,389.3028314471166,289720.0,47.73103471016306,6.639258267075718,8.944205995650085,-2.3049477285743674,386.420883178711,363.87864379882814,383.1062128025417,372.82829483095037
2024-04-24,380.6195373535156,399.1339929944488,378.2740326424045,382.26637071778606,459227.0,50.59857399110639,5.660593604147493,8.287483517349568,-2.626889913202074,387.2592758178711,364.4235986328125,382.8693865693011,373.1338337534039
2024-04-25,390.9996032714844,391.2491243967374,381.2682793866165,385.16080284873937,79682.0,56.41976691446406,5.65736479782629,7.761459773444912,-2.1040949756186222,388.3596633911133,365.1771527099609,383.64369292188996,373.8344521658777
2024-04-26,383.8633117675781,394.0437555771092,377.275947856045,390.9996099804381,236306.0,51.89251768867138,5.021086897430223,7.2133851982419745,-2.1922983008117516,388.9185913085938,365.7570404052734,383.6646090024317,374.2277407777091
2024-04-29,389.4026489257813,393.64450791290113,379.7711399056744,385.2606044772413,106651.0,54.91657435631398,4.907242653074263,6.752156689208433,-1.8449140361341696,389.69709777832037,366.6772741699219,384.2110889951316,374.82283521488836
2024-04-30,387.0571594238281,396.2395490669632,383.6636781936684,385.2606194958382,212832.0,53.38630618166675,4.575020875681446,6.316729526503035,-1.7417086508215895,389.94162902832034,367.7192742919922,384.48214332167413,375.30261263484675
2024-05-02,379.47174072265625,392.1973181526203,378.2740271338344,382.8152994448003,224364.0,48.66351909280717,3.6574915425801464,5.784881929718457,-2.127390387138311,389.3827026367188,368.51973815917967,384.0049621217677,375.46610785397655
2024-05-03,370.2394409179688,383.6636585677604,366.8958519005213,383.6636585677604,233817.0,43.60712439195074,2.160468957667206,5.059999335308207,-2.8995303776410015,388.7239669799805,369.189453125,382.6939601023583,375.26114052315273
2024-05-06,380.320068359375,383.5139507903336,365.7979517622831,371.487045323953,227303.0,49.74702803604126,1.7671199026178783,4.401423448770141,-2.634303546152263,388.50937652587896,369.98293029785157,382.4678751744551,375.4595298500634
2024-05-07,379.7212524414063,383.26444016028125,370.3891564654711,376.477477882758,92607.0,49.40293135085384,1.3910335338082405,3.7993454657777614,-2.408311931969521,387.6235763549805,370.65364318847656,382.2062920570219,375.6266562261945
2024-05-08,378.3738403320313,381.2682792924269,373.3334953276924,381.2682792924269,82398.0,48.58852923227274,0.9730408710721008,3.2340845468366295,-2.2610436757645287,385.89439544677737,371.1616687011719,381.84129665464184,375.73438893622733
2024-05-09,379.2221984863281,381.5676725735953,373.6828115202918,379.2720905251176,177572.0,49.15683521451953,0.7021402516521107,2.727695687799726,-2.025555436147615,384.8164642333985,371.79645080566405,381.5918587338501,375.87116578132935
2024-05-10,379.42181396484375,380.8690486635053,371.2375393967952,379.22221534169415,122164.0,49.29885199121713,0.4978183201744173,2.281720214274664,-1.783901894100247,384.28498535156257,372.4032861328125,381.3851878034685,376.0104068865652
2024-05-13,368.9419250488281,382.0667299795917,364.6002514324216,379.42181217713016,125480.0,42.575123868439505,-0.5039386430321429,1.724588442813303,-2.228527085845446,383.03238983154296,372.6348419189453,380.20011516016945,375.7332115203794
2024-05-14,372.3853149414063,377.6751503506362,368.8420968631573,377.6751503506362,39917.0,45.21886291381669,-1.008361700916737,1.177998414067295,-2.1863601149840317,382.0991806030273,372.84344177246095,379.4558484726682,375.60192145845895
2024-05-15,363.4524536132813,375.2797606731282,361.30657809487343,375.2797606731282,125336.0,40.06563213042674,-2.104666576421323,0.5214654159695713,-2.6261319923908943,381.02124938964846,372.9402557373047,377.93171562891706,375.1254717390402
2024-05-16,363.652099609375,368.69241423309165,361.1568883186,365.3987475129175,59454.0,40.2295781858817,-2.9236839170692406,-0.1675644506381911,-2.7561194664310493,379.72373962402344,373.22770446777344,376.5717521984845,374.67553557709255
2024-05-17,361.85552978515625,366.6463537466047,358.3123419302194,364.7499992543973,139138.0,39.190672931165224,-3.6753619458100957,-0.8691239496725721,-2.8062379961375234,378.21912689208983,373.5979937744141,375.17020720673895,374.17279025191857
2024-05-21,372.1856994628906,373.483227572692,362.5042982052963,371.2874295155643,92270.0,47.5741466942635,-3.3983398920890977,-1.3749671381558772,-2.0233727539332205,377.2534805297852,374.118994140625,374.88596837399155,374.0948651229371
2024-05-22,378.4736633300781,381.3681023551436,368.3430810536656,372.1857125592922,100805.0,51.91936199107599,-2.6409683461549207,-1.628167379755686,-1.0128009663992348,376.7843811035156,374.6759259033203,375.22765360790453,374.2665826996878
2024-05-23,377.72509765625,385.2606235762294,374.7807361473424,378.47366104402766,81333.0,51.37346686047289,-2.077204216099858,-1.7179747470245206,-0.3592294690753375,376.8692199707031,375.3077142333984,375.46550542203266,374.40221073720005
2024-05-24,374.8805236816406,379.8709459072772,369.3910592334405,378.2740047032495,51874.0,49.25415553829211,-1.8387544117110224,-1.742130679961821,-0.09662373174920136,376.5822692871094,375.95646911621094,375.40979287532866,374.4209681075703
2024-05-27,378.5734252929688,380.17036652838,364.2509375912185,364.3008296308073,172216.0,52.0213464820586,-1.3363898562382701,-1.660982515217111,0.3245926589788408,375.9609603881836,376.49443603515624,375.7110912008182,374.58380956582124
2024-05-28,371.9361877441406,381.56769720448864,366.29701633650654,379.272115007827,84882.0,47.05487883272697,-1.4570361217288905,-1.620193236519467,0.16315711479057637,375.3646041870117,376.95954345703126,375.3515765858965,374.4799812590887
2024-05-29,374.5810852050781,376.2778409686912,365.1492053448631,371.93616748107456,66675.0,49.1386962882353,-1.3239661776170806,-1.5609478247389899,0.23698164712190928,374.62352600097654,377.6033074951172,375.27819645439,374.4839461197157
2024-05-30,374.1818542480469,379.97076233405846,367.49470670789583,369.2912465344152,121031.0,48.82631305906174,-1.2364686490008125,-1.4960519895913544,0.2595833405905419,373.9797607421875,378.3718322753906,375.17378291092876,374.4720993796503
2024-05-31,381.5676879882813,384.2625282924221,374.18186886097845,380.2701903361372,112559.0,54.57911794480788,-0.5646423250918247,-1.3097700566914485,0.7451277315996239,374.0845581054688,379.1383612060547,375.782726251629,374.7503577564594
2024-06-03,385.4602355957031,390.2510288817023,380.9688554679086,384.2126300046491,144755.0,57.303360190670716,0.2786686190196974,-0.9920823215492194,1.2707509405689168,374.8455978393555,379.9148712158203,376.7043938082075,375.1703529658415
2024-06-04,356.71539306640625,388.2548692572795,346.9341771813625,388.2548692572795,110291.0,38.79763533734558,-1.35682926036975,-1.0650317093133257,-0.29179755105642435,373.66536407470704,379.82604125976565,374.8006794518455,374.4466290482166
2024-06-05,367.8939514160156,374.3815006417542,354.5695172990205,361.6559233143439,107028.0,46.08907583337272,-1.7310029526819335,-1.1982259579870473,-0.5327769946948862,373.0739990234375,379.89690551757815,374.1428958293855,374.1896612979342
2024-06-06,372.08587646484375,376.6770710968585,364.15112324150846,368.2931676805085,72186.0,48.56379785180149,-1.6700338706531852,-1.292587540520275,-0.3774463301329103,372.7596008300781,380.0735656738281,373.9469892232387,374.1071599319307
2024-06-07,384.6118774414063,387.2567953383618,369.2912739051389,372.58494065091406,112702.0,55.183934946257175,-0.6040091971937613,-1.1548718718549722,0.5508626746612109,373.02908477783205,380.48876953125,374.96269286306415,374.51910963818466
2024-06-10,384.5120544433594,390.6003759981416,382.2663643135799,390.6003759981416,80773.0,55.12304660363966,0.2301155265805619,-0.8778743921678653,1.1079899187484272,373.2835968017578,380.7991735839844,375.8721558707113,374.9109898266229
2024-06-11,375.4794006347656,392.4468371144812,373.38341709544704,385.2606165394236,130127.0,49.771585168068185,0.16045606872012286,-0.6702082999902678,0.8306643687103906,373.6104705810547,380.8550665283203,375.8347506101451,374.9332804465501
2024-06-12,384.4122314453125,397.4372521869922,376.4275556039596,381.268271424604,194100.0,54.47828231867817,0.8166415032182499,-0.37283833934856425,1.189479842566814,374.21181640625,381.06666076660156,376.6516535468277,375.30500401512904
2024-06-13,391.19921875,398.8844508650389,384.46214860247386,384.46214860247386,183268.0,57.71999433598949,1.8628525374215315,0.07429983600545492,1.7885527014160765,375.5991546630859,381.247314453125,378.0371359471298,375.92830655375144
2024-06-14,391.19921875,400.2318709863683,388.0552283138579,394.2433641885672,107989.0,57.7199943359895,2.661304458379391,0.5917007604802421,2.0696036978991486,376.9765106201172,381.25829345703124,379.29066764264127,376.5271658555651
2024-06-18,392.4468383789063,396.2395473029432,384.61186894620505,384.61186894620505,77485.0,58.35229178102303,3.3560691593460206,1.1445744402533977,2.211494719092623,378.5060760498047,381.4389471435547,380.5436362841903,377.1514667388334
2024-06-19,397.9363098144531,410.212737211589,385.5600374144942,390.7500890957107,204892.0,61.108275246013186,4.300061228644438,1.775671797931606,2.524389430712832,379.7936065673828,381.70543579101565,382.20008138231054,377.96655862415184
2024-06-20,423.98626708984375,430.1744029352049,398.2855922045038,404.2242069344733,829156.0,70.93682982149602,7.068711877799444,2.834279813905174,4.23443206389427,382.0692367553711,382.236416015625,386.1797181163613,379.7712530737868
2024-06-21,423.6868591308594,441.95179281787,420.1935634725367,434.16674610582766,342633.0,70.71562791749037,9.133443097613906,4.0941124706469205,5.0393306269669855,384.36732482910156,382.4510040283203,389.75182678440876,381.49343370347594
2024-06-24,413.356689453125,419.94405324287686,404.3739289559512,415.2031518693684,170691.0,63.37302078720858,9.822966066508343,5.239883189819205,4.583082876689138,386.29113311767577,382.7025213623047,391.9999089433341,382.74297314463865
2024-06-25,406.9190673828125,418.04770359040106,405.2223115301949,415.2031566417761,53404.0,59.244578576736146,9.737705480215482,6.13944764789846,3.598257832317022,387.70841522216796,383.03987487792966,393.4207811756654,383.6910552716258
2024-06-26,415.802001953125,422.9382999189299,404.47373697261673,408.7155960278509,148171.0,62.84168647369248,10.26854503809966,6.9652671259387,3.3032779121609597,389.9017059326172,383.4760382080078,395.5523260116139,384.950308082665
2024-06-27,397.6368408203125,419.1954711423127,389.65216517950654,419.1954711423127,119955.0,52.61479920482429,9.118351837378782,7.395884068226717,1.7224677691520647,391.0544937133789,383.6077850341797,395.75085123148995,385.44781917041587
2024-06-28,403.2261352539063,406.2203887335145,393.7443325684803,395.7405015548857,122408.0,55.03934654633023,8.5591601182702,7.628539278235414,0.9306208400347851,392.5067077636719,383.97208618164063,396.46278304314865,386.1450080364351
2024-07-01,416.9497985839844,423.9862821035484,400.7808175504002,408.0668526533133,227622.0,60.39742555143377,9.118271827712476,7.926485788130827,1.1917860395816495,394.275813293457,384.5190362548828,398.4139273803711,387.3530390382998
2024-07-02,412.2088928222656,424.1859066572952,408.3662614583694,419.1954842260328,143170.0,57.833350107844076,9.074218470042013,8.156032324513063,0.9181861455289493,395.61324615478514,384.92425842285155,399.72773361293247,388.3277784023769
2024-07-03,409.8633728027344,420.49296609049645,408.7155817784529,418.4967971929216,81151.0,56.55414749659005,8.749186823926891,8.27466322439583,0.4745235995310608,398.27064514160156,385.29155334472654,400.6930325833898,389.17231151611645
2024-07-04,422.1897277832031,434.1168492978426,409.0649231886227,415.6023642366056,382529.0,61.38770423541403,9.378125540381973,8.49535568759306,0.882769852788913,400.9854339599609,385.9782348632813,402.740336888134,390.4671121540414
2024-07-05,428.1782531738281,438.6581404892715,419.3951217026291,425.0841851126824,259304.0,63.51164633881438,10.241727693661574,8.844630088806763,1.3970976048548103,403.79005279541013,387.0212335205078,405.1629955820096,391.9459804293271
2024-07-08,431.6216430664063,438.95753958473387,422.4891457598628,429.0765093816354,211263.0,64.7135669910331,11.076310594998972,9.290966190045205,1.7853444049537668,406.14054107666016,388.0412756347656,407.68286677099974,393.5018887680361
2024-07-09,433.6178283691406,446.14377680956346,429.6753823635729,436.1629316907813,424129.0,65.42459729839709,11.763200178942952,9.785412987824754,1.977787191118198,408.59582977294923,388.8936401367188,410.1528631136798,395.0750628700402
2024-07-10,425.0841674804688,437.56022329087887,399.2337859331232,433.1686577374386,262855.0,59.870512105452846,11.486560093433013,10.125642408946407,1.3609176844866067,411.07606811523436,389.7180572509766,411.57489210099305,396.2518905018217
2024-07-11,418.7962646484375,429.176337415023,416.2012388420107,423.6369805925011,264923.0,56.091945299050096,10.637319229655645,10.227977773088256,0.4093414565673896,412.79526977539064,390.30592956542966,412.26264186741633,397.1359836056106
2024-07-12,423.53717041015625,426.5813159999748,419.1954966742061,421.990121135052,135529.0,58.232342785538826,10.228928479999695,10.228167914470545,0.00076056552915027,414.41216735839845,391.03552978515626,413.3364064905344,398.1713242646124
2024-07-15,417.1494140625,429.1264276348082,411.2107993159156,424.18589735258286,212135.0,54.38549481672955,9.282830622991753,10.039100456174786,-0.7562698331830333,415.7096771240234,391.7890832519531,413.69955006881685,398.91556308021586
2024-07-16,416.1513366699219,422.88840691883024,414.9536231086897,415.2031442290197,114213.0,53.7876017730546,8.356179910281469,9.702516346996124,-1.3463364367146546,416.89490203857423,392.7073211669922,413.9330535546364,399.5914757700083
2024-07-18,412.0591735839844,416.1014034454937,408.0169132633548,411.95935904660087,102228.0,51.29753872997804,7.208504035515887,9.203713884700077,-1.9952098491841905,417.6010452270508,393.34210327148435,413.7545887955267,400.0804050960466
2024-07-19,405.6714477539063,414.3547644260564,402.3777507051975,410.9612832969705,113296.0,47.593671678959886,5.717617411741571,8.506494590108376,-2.788877178366805,416.68530426025393,393.86110717773437,412.9847658391819,400.2996616708647
2024-07-22,417.1494140625,425.7828385873814,400.2817622475361,414.20505270899264,178700.0,54.01829012037244,5.400007056914603,7.885197083469622,-2.485190026555019,416.3584320068359,394.63661865234377,413.3813990033074,400.96043627445823
2024-07-23,438.8577575683594,454.12843791231177,402.62727270779465,423.1878190655389,1163628.0,63.20565738315068,6.821348203236482,7.6724273074229945,-0.8510791041865122,417.6334854125977,395.8293298339844,415.8077188666457,402.44660573696416
2024-07-24,439.556396484375,467.0536420327229,435.0151243089823,437.21089187744167,950425.0,63.45870408284363,7.91293028891738,7.720527903721872,0.1924023851955079,419.2653518676758,397.032021484375,418.0694976873818,403.9018916486273
2024-07-25,445.544921875,459.11887738516856,432.5698231662887,434.2665790272306,561651.0,65.6400472447187,9.15569970015406,8.00756226300831,1.1481374371457491,420.7524978637695,398.56408142089845,420.68620475286923,405.53495165750473
2024-07-26,445.544921875,457.1227083530591,442.4009617412521,445.544921875,226245.0,65.6400472447187,10.025040980181075,8.411058006442865,1.61398297373821,423.1479019165039,400.0272735595703,423.0537016216436,407.10397009740655
2024-07-29,443.6984558105469,452.83095342527866,440.6543102450509,444.8961694036952,246833.0,64.26813433743493,10.444606901212524,8.817767785396796,1.6268391158157272,425.17151794433596,401.63219360351565,425.01986868725345,408.5390479685101
2024-07-30,454.477783203125,469.09971503746857,442.5007692021684,443.698452326791,677167.0,68.4179853368189,11.514189145289436,9.357052057375325,2.1571370879141103,427.047917175293,403.44870727539063,427.82538435543165,410.34056699731855
2024-07-31,472.3933715820313,479.0805497729268,452.032454308506,457.6716255213007,501685.0,73.85322850683306,13.650128846569658,10.215667415214192,3.4344614313554658,430.05714111328126,405.65946411132813,432.06995456748876,412.77401031436614
2024-08-01,498.14398193359375,514.0135194520361,468.1016322776794,477.5335430221471,848731.0,79.35332595921612,17.22220859673922,11.616975651519198,5.605232945220024,434.4711715698242,408.1786297607422,438.3627190785464,416.1218523386496
2024-08-02,506.4779968261719,517.0077762239175,482.5738606259925,493.9520179491346,681526.0,80.76367269976848,20.48940379304088,13.391461279823535,7.097942513217344,438.68558502197266,410.73871643066406,444.8498883878441,419.6652305538466
2024-08-05,517.6565551757812,528.9847899903525,487.0652405948906,498.94244016511374,1060942.0,82.49128497485707,23.70741147851055,15.454651319560938,8.252760158949613,443.1595001220703,413.5373455810547,451.7838566533619,423.50802759784403
2024-08-06,469.3492431640625,537.4685113106808,465.9058394037714,523.9943703586025,1476170.0,58.17598521579247,22.104897892362317,16.784700634121215,5.320197258241102,445.04588012695314,415.4267199707031,453.456750606762,425.305722325931
2024-08-07,500.3896484375,508.9232583582809,452.2819654429182,468.6006524011067,1095543.0,65.2616410165361,23.073617322265534,18.04248397175008,5.031133350515454,448.3844711303711,417.86304443359376,457.9265504001656,428.25019001658075
2024-08-08,484.3204956054688,504.0326641540684,478.8809229868902,504.0326641540684,435474.0,59.62959169072098,22.28776858903899,18.89154089520786,3.396227693831129,451.3462875366211,420.1107305908203,460.44025946733734,430.4490255298705
2024-08-09,474.7388916015625,491.6564362479526,471.0958892279589,488.56236817179206,244235.0,56.49863995211022,20.653738993304444,19.24398051482718,1.409758478477265,454.14341888427737,422.11388671875,461.8020339563112,432.18588302287804
2024-08-12,482.1746215820313,495.0000133270312,465.8060420931489,467.1035397421173,223711.0,58.32731321653642,19.731309775791317,19.341446367020005,0.389863408771312,457.0752914428711,424.2737420654297,463.74228039685596,434.1462257114723
2024-08-13,462.3626403808594,491.756240819697,460.1169502764731,481.9251024931151,248409.0,52.04910743149126,17.203307646013286,18.91381862281866,-1.7105109768053737,459.33595275878906,425.88964111328124,463.6108861096182,435.2527517769385
2024-08-14,459.9173278808594,466.1553560392864,454.3280790182063,464.907750407601,102996.0,51.31493428363625,14.83156244295617,18.097367386846162,-3.265804943889993,461.5242523193359,427.3787829589844,463.2591186592602,436.2199900555236
2024-08-16,459.71771240234375,464.80794928484016,453.9787267069779,460.9153954893824,205142.0,51.25138139207479,12.788413115289643,17.03557653253486,-4.247163417245218,463.9071792602539,429.43882934570314,462.9218418728872,437.1414693632421
2024-08-19,467.8022155761719,470.097797733899,459.1188682751455,459.1188682751455,118789.0,53.74971132229379,11.68683582553956,15.965828391135801,-4.278992565596241,467.0137176513672,431.43699462890623,463.3866393684382,438.34385156767075
2024-08-20,469.4490356445313,481.6755703782841,464.009463109948,473.5910800951621,203409.0,54.26390186735787,10.821963643005802,14.937055441509802,-4.115091798504,469.6286987304687,433.3842578125,463.96401044235176,439.5636627079398
2024-08-21,478.232177734375,480.0786401344085,467.6025839978594,467.6025839978594,130131.0,57.009105479877014,10.721679522626403,14.093980257733124,-3.3723007351067213,471.59741973876953,435.25666381835936,465.32288351778254,441.0800750619176
2024-08-22,474.7388916015625,484.0709878719492,469.2993492916705,484.02109583004426,201406.0,55.580196828395636,10.242258260764231,13.323635858339347,-3.0813775975751163,473.3565444946289,437.06120056152344,466.2196461924283,442.4000286517076
2024-08-23,471.9442443847656,483.17269459264463,469.09969757361216,477.43370893083977,111198.0,54.40535499222303,9.526987599438144,12.564306206559108,-3.037318607120964,474.6765106201172,438.9904974365234,466.76484602026994,443.5586253471216
2024-08-26,480.1285400390625,484.3205071532494,472.9423498621845,472.9423498621845,219039.0,57.25495622383302,9.5108989842185,11.953624762090987,-2.4427257778724876,476.4056915283203,440.90482360839843,468.0375787839645,444.99273964876636
2024-08-27,497.8944396972656,503.53361081275983,479.08054150668926,479.08054150668926,533532.0,62.70403053161499,10.807130395350725,11.724325888742936,-0.9171954933922102,479.11549072265626,443.0387280273437,470.881089347136,447.06731612125657
2024-08-28,486.9654235839844,502.0365056916003,485.0690691175303,500.68908551889393,106956.0,57.82087902948748,10.827707789390843,11.54500226887252,-0.7172944794816765,480.73987274169923,444.95405212402346,472.4129307030263,448.6319477864616
2024-08-29,484.6199035644531,493.95199947657335,480.0786313970483,491.9558305310555,94199.0,56.79856373968461,10.533329987842706,11.342667812666557,-0.8093378248238512,481.3511993408203,446.7975134277344,473.57549954697174,450.0432401699122
2024-08-30,487.9136047363281,495.4491303858923,474.0901285796039,486.06714235424647,121233.0,57.923604932315314,10.445399553185666,11.16321416077038,-0.7178146075847138,480.83968048095704,448.59705932617186,474.94103337452947,451.52835250585014
2024-09-02,463.9595642089844,492.055635477595,459.6178907452992,492.055635477595,294059.0,48.110820256749584,8.346608662846563,10.599893061185618,-2.253284398339055,478.71375885009763,449.3965252685547,473.8951791682871,452.01585100401223
2024-09-03,474.6889953613281,480.22835216516,465.05748600645205,478.3818897441754,146674.0,52.030782810484126,7.463047816040159,9.972524012156526,-2.509476196116367,476.565380859375,450.41656799316405,473.9707807104815,452.9049939199854
2024-09-04,472.44329833984375,478.0325775627315,465.15726330423456,469.0997092142583,113500.0,51.15963529631363,6.506606389437707,9.279340487612764,-2.7727340981750572,476.72008361816404,451.5983001708984,473.82530619899217,453.6712019364504
2024-09-05,477.7830505371094,488.562350687318,473.8406046758003,476.5853369830325,168998.0,53.167494953779354,6.109071471061611,8.645286684302533,-2.536215213240922,475.58975372314455,453.01557983398436,474.20223423119376,454.61676462667236
2024-09-06,508.4741516113281,515.7102641068639,477.0843824642868,481.7753917140066,698471.0,62.667390896366,8.176286404510165,8.55148662834406,-0.37520022383389495,476.7974365234375,454.86902282714846,477.4662263626351,456.7288190182275
2024-09-09,521.798583984375,533.9752275246612,510.2208277174937,515.1613583614177,505523.0,65.90131634775432,10.765639873244197,8.994317277324088,1.7713225959201093,479.1504211425781,457.35225769042967,481.6883556599437,459.28057450709605
2024-09-10,498.1938781738281,524.6431482063044,495.4491457652725,523.2956975638853,375368.0,56.55487533758676,10.788653781260109,9.353184578111293,1.4354692031488163,479.95138397216795,459.2516125488281,483.2603101850755,460.80658641559535
2024-09-11,496.347412109375,509.02309750541343,493.0537454268122,500.988529424516,169577.0,55.88715955952485,10.53644056124483,9.589835774738,0.9466047865068301,481.65062255859374,460.8395648193359,484.50670084453265,462.20034428593965
2024-09-12,506.627685546875,521.9981803683837,496.3973196792346,496.3973196792346,309337.0,58.803448005774534,11.0388430071161,9.87963722121362,1.1592057859024791,483.9861404418945,462.72794067382813,486.6134612923748,463.94259296283906
2024-09-13,500.6890869140625,514.2131502612585,498.7428404006161,506.5777794143536,108478.0,56.480559137904294,10.832930012436236,10.070295779458144,0.7626342329780922,486.03470916748046,464.54445495605466,487.95399706586886,465.3836319413184
2024-09-16,521.0499877929688,526.7390814819647,500.3397349445543,515.0115889051517,154544.0,62.020137694868346,12.172381382871208,10.490712900140757,1.6816684827304513,488.6970977783203,466.52166015625,491.1059961827355,467.56662628844197
2024-09-17,527.25,547.0,509.7000122070313,522.0,373597.0,63.54197018783024,13.577680366161871,11.10810639334498,2.4695739728168906,491.58714599609374,468.50309509277344,494.54828226057026,469.9071507477188
2024-09-18,525.5,534.75,517.5499877929688,532.0,162299.0,62.77734848159835,14.384365548327935,11.763358224341571,2.6210073239863636,493.950537109375,470.3806622314453,497.4960649024207,472.0872624831024
2024-09-19,513.0999755859375,532.1500244140625,505.8999938964844,530.0,107864.0,57.49769348094007,13.863283722996357,12.183343324072528,1.6799403989238293,495.86859130859375,471.9703051757813,498.98215163418416,473.69560417340966
2024-09-20,521.1500244140625,524.0,512.9500122070312,516.2999877929688,108130.0,59.85796835231075,13.939211729632518,12.534517005184526,1.4046947244479924,498.3288803100586,473.8916223144531,501.09337761322024,475.5565618299059
2024-09-23,524.7000122070312,532.1500244140625,520.0,524.9000244140625,150136.0,60.88943965658889,14.123037977807883,12.852221199709199,1.270816778098684,500.55745391845704,476.009697265625,503.3416285269165,477.48375596234223
2024-09-24,537.7999877929688,548.0,522.0,525.0,280977.0,64.51315065450754,15.15112738733285,13.312002437233929,1.8391249500989204,502.5527313232422,478.2949536132812,506.6233770284453,479.8490983870727
2024-09-25,526.0,553.3499755859375,522.5999755859375,536.9000244140625,157537.0,59.19298098666828,14.8426385550448,13.618129660796104,1.2245088942486966,504.504460144043,480.47196533203123,508.4687696924029,481.658937666011
2024-09-26,519.3499755859375,530.0999755859375,516.0,530.0999755859375,94918.0,56.371586253229935,13.901311869309325,13.674766102498749,0.2265457668105757,506.2409637451172,482.53593811035154,509.5050750155967,483.13701758443955
2024-09-27,515.0999755859375,523.7000122070312,512.0,523.7000122070312,58958.0,54.581038899636596,12.666354359182606,13.473083753835521,-0.8067293946529155,507.6002822875977,484.5967541503906,510.03792268896245,484.39046691783165
2024-09-30,508.0,518.7999877929688,500.1000061035156,513.9000244140625,97262.0,51.630608285404186,10.988069318932332,12.976080866854884,-1.988011547922552,509.80230407714845,486.6433251953125,509.84383481382315,485.3163309602696
2024-10-01,517.7999877929688,520.6500244140625,506.0,506.0,48362.0,55.228120651164225,10.32971887693401,12.44680846887071,-2.1170895919367005,511.95785369873045,488.65633666992187,510.60156366897985,486.5901998556696
2024-10-03,502.0499877929688,517.4000244140625,500.0,506.6000061035156,69547.0,48.929542383320864,8.439789398138316,11.645404654724233,-3.205615256585917,513.4381881713867,489.92018127441406,509.7871278712645,487.1964660492892
2024-10-04,493.3500061035156,511.75,482.1000061035156,500.75,106528.0,45.8209162176143,6.168879849517111,10.55009969368281,-4.381219844165699,514.216535949707,490.99605346679687,508.22168770290745,487.4377813455334
2024-10-07,481.5,496.9500122070313,465.0,489.8999938964844,231333.0,41.91476297098513,3.3740769544534714,9.114895145836943,-5.740818191383472,512.8678283691406,491.71515502929685,505.6767650645353,487.2049271751203
2024-10-08,496.1499938964844,501.5499877929688,481.5,481.5,68332.0,47.83535722578197,2.314626028929979,7.75484132245555,-5.440215293525571,511.5853988647461,492.72725646972657,504.7694535247209,487.5557141053699
2024-10-09,493.1499938964844,506.9500122070313,490.0499877929688,496.1499938964844,43643.0,46.78372751045609,1.2188781410818592,6.447648686180812,-5.228770545098953,511.3332046508789,493.71628723144534,503.66283832203175,487.77509762659
2024-10-10,500.1000061035156,507.5,494.5499877929688,496.7000122070313,57401.0,49.55077928802155,0.9009127851682024,5.338301505978291,-4.437388720810088,511.5208343505859,494.6287316894531,503.32352096788736,488.2584273707832
2024-10-11,523.1500244140625,532.8499755859375,499.7999877929688,503.1000061035156,183391.0,57.452432434311554,2.480275715875848,4.766696347957803,-2.2864206320819545,512.3469512939453,495.64386474609375,505.2117593913326,489.62672529404904
2024-10-14,513.5999755859375,522.2000122070312,505.0499877929688,518.0499877929688,47690.0,53.69964540906089,2.927575818136802,4.398872241993603,-1.471296423856801,512.9924957275391,495.95298461914064,506.01063712415214,490.566852756476
2024-10-15,520.2000122070312,527.8499755859375,507.1499938964844,524.0,131604.0,55.846186248800585,3.771160576654893,4.273329908925861,-0.5021693322709684,512.9499969482422,496.2274249267578,507.36200617966443,491.72893744081153
2024-10-16,523.2999877929688,532.75,514.6500244140625,520.2000122070312,68255.0,56.85788879773791,4.6364041170882615,4.345944750558342,0.29045936652991955,512.7524963378906,496.34029357910157,508.8799091904553,492.9670178467785
2024-10-17,512.8499755859375,524.5999755859375,510.2000122070313,517.0999755859375,29362.0,52.49155188869498,4.427845756273314,4.3623249517013365,0.06552080457197729,512.1199951171875,497.2103082275391,509.25801075192976,493.74674167968675
2024-10-18,516.7000122070312,523.4000244140625,502.2000122070313,519.0,42847.0,53.896289274818216,4.521110978898491,4.394082157140768,0.12702882175772334,512.2999969482422,497.53651550292966,509.9667727952728,494.6468699356611
2024-10-21,501.7999877929688,524.0,499.7999877929688,521.0,67523.0,47.983128827777534,3.3540534538631164,4.186076416485238,-0.8320229626221218,511.3324951171875,497.8861053466797,509.1889837474343,494.9273843614378
2024-10-22,474.5499877929688,505.5499877929688,471.0,505.5499877929688,120441.0,39.45704553650662,0.22768013990236113,3.394397161168663,-3.166717021266302,508.8249938964844,497.8823272705078,505.89003175177095,494.1282707705175
2024-10-23,483.6000061035156,489.1000061035156,471.25,477.4500122070313,83135.0,43.074753939425875,-1.5024135045520097,2.4150350280245285,-3.9174485325765382,506.11499481201173,497.9108349609375,503.7671721662228,493.7153976463214
2024-10-24,487.8500061035156,495.0,476.2999877929688,476.2999877929688,29967.0,44.744571615172006,-2.5017471176766435,1.4316785988842942,-3.9334257165609374,504.2074951171875,498.42058227539064,502.25125158882213,493.4853822917015
2024-10-25,472.3999938964844,500.0,465.0,493.0,80929.0,40.135462501054135,-4.4886704707691365,0.24760878495360805,-4.736279255722745,501.85999603271483,498.6702355957031,499.40827466574234,492.6585043154185
2024-10-28,481.3999938964844,485.0,472.5,480.2000122070313,41651.0,43.769166304745916,-5.2762751437530255,-0.8571680007877186,-4.419107142965307,500.1749969482422,499.10388122558595,497.6932003067654,492.2169941029113
2024-10-29,491.9500122070313,510.0,480.5499877929688,482.0,174892.0,47.77123925298715,-4.991618938055694,-1.684058188241314,-3.3075607498143804,499.37249755859375,499.58683715820314,497.1462300115526,492.2065242246415
2024-10-30,478.2999877929688,508.0,476.0,505.0,152516.0,43.461237342724246,-5.800603984422537,-2.507367347477559,-3.293236636944978,497.3974975585937,499.76385620117185,495.35134980025884,491.661169854772
2024-10-31,472.7999877929688,486.2000122070313,463.7000122070313,484.6000061035156,93186.0,41.823859146073886,-6.807066867081232,-3.367307251398294,-3.4397596156829384,495.93499755859386,499.6552124023438,493.2036010376598,490.92151565626995
2024-11-01,479.2000122070313,492.7999877929688,473.9500122070313,474.7999877929688,30886.0,44.446633469497925,-7.007489492918978,-4.095343699702431,-2.9121457932165473,495.2274978637696,499.7444348144532,491.86992591093326,490.461848854339
2024-11-04,472.6000061035156,484.0,468.5,481.0,80604.0,42.32737122255187,-7.611154549990658,-4.798505869760077,-2.8126486802305815,494.7824981689454,499.7575500488282,490.03469545308394,489.7613844327381
2024-11-05,503.5499877929688,508.0,472.0,473.0,141288.0,53.519596894148656,-5.528430291272912,-4.9444907540626435,-0.5839395372102683,495.1524978637696,500.22597900390633,491.3218661521206,490.3021139762766
2024-11-06,547.0499877929688,553.9000244140625,500.0,503.5499877929688,681659.0,64.07278741247316,-0.3635787462230269,-4.0283083524947205,3.6647296062716936,497.84749755859383,501.2090899658204,496.62930630839185,492.5275207926175
2024-11-07,540.4500122070312,568.0,535.0,550.0,552594.0,61.78083588682522,3.1606069331711524,-2.590525295361546,5.751132228532699,499.86499786376964,502.27878173828134,500.802706870167,494.4068341814181
2024-11-08,542.75,564.75,533.7000122070312,540.25,249810.0,62.28711435781191,6.069177566515407,-0.8585847229861554,6.927762289501562,500.8449966430665,503.44138366699224,504.79768716824634,496.3026446056763
2024-11-11,531.5999755859375,563.9000244140625,525.2999877929688,542.0499877929688,331564.0,58.258093512431465,7.389347168537768,0.7910016553186292,6.598345513219138,501.7449966430665,504.31511108398445,507.35028606516926,497.6868536637258
2024-11-12,536.4500122070312,561.9500122070312,526.5499877929688,531.0,352123.0,59.485711936276594,8.726356505496767,2.378072625354257,6.34828388014251,502.5574966430665,505.7649200439454,510.1216885548704,499.20697752816915
2024-11-13,518.2999877929688,545.9000244140625,515.0,537.9000244140625,214670.0,53.182307504649685,8.22656008967914,3.5477701182192334,4.678789971459906,502.3074966430665,506.6371398925782,510.900574196594,499.95572302874956
2024-11-14,528.4500122070312,534.0,515.0,515.0,79958.0,55.99084420597659,8.55092028593316,4.548400151762019,4.0025201341711405,503.08749847412116,507.75727416992197,512.5719492452071,501.0731461337802
2024-11-18,546.4500122070312,550.0,520.0,533.4500122070312,116233.0,60.514577475860975,10.143499695694231,5.667420060548462,4.476079635145769,504.5749984741212,509.1306134033204,515.7984314320474,502.85263107782924
2024-11-19,549.9500122070312,579.4000244140625,545.1500244140625,554.4000244140625,295404.0,61.346575230256036,11.554853937578969,6.844906835954564,4.7099471016244046,506.9824996948243,509.96013061523445,519.0509629344268,504.6995872005431
2024-11-21,527.25,555.9500122070312,522.9500122070312,555.0,228045.0,53.476307504622405,10.718109376242978,7.619547344012248,3.0985620322307303,509.6175003051759,510.06915893554697,519.8318236073385,505.5839171142473
2024-11-22,533.5,536.0,523.5,533.4500122070312,167110.0,55.181203853035896,10.438972077461358,8.18343229070207,2.2555397867592877,512.1125000000001,510.77528137207037,521.1335546923539,506.67866546270824
2024-11-25,528.2000122070312,550.0,524.5999755859375,550.0,224442.0,53.394311739139425,9.678521069831959,8.482450046528049,1.1960710233039098,514.1300003051758,511.4123333740235,521.8065506461327,507.5226398448386
2024-11-26,525.75,544.75,520.0,520.0,241708.0,52.54721132039396,8.776987015204327,8.541357440263305,0.2356295749410222,516.7975006103517,511.794779663086,522.1821172512629,508.2374382822959
2024-11-27,523.0499877929688,527.0,520.5,527.0,47474.0,51.57609660048206,7.755248682212027,8.38413568865305,-0.6288870064410226,518.8800003051758,512.2419976806641,522.2647715885682,508.81832257683214
2024-11-28,523.0499877929688,532.7000122070312,515.5,524.5499877929688,75470.0,51.576096600482046,6.866362538902308,8.080581058702903,-1.2142185198005944,520.4349990844728,512.2819976806642,522.3395540842255,509.37642709511204
2024-11-29,519.4000244140625,529.7000122070312,516.0,523.2999877929688,102743.0,50.123794546855336,5.80052745578223,7.624570338118768,-1.8240428823365376,522.4900009155274,512.1249981689454,522.0595988775433,509.76950934291403
2024-12-02,534.7999877929688,551.4000244140625,520.0,522.6500244140625,209658.0,55.781361609199074,6.127855709138885,7.325227412322791,-1.1973717031839062,525.5900009155273,512.3109979248047,523.272969250441,510.75109673311226
2024-12-03,530.8499755859375,544.7000122070312,528.2000122070312,544.7000122070312,113687.0,54.08667263749394,5.999375666516926,7.060057063161619,-1.0606813966446929,528.1724990844726,512.6659979248047,523.9945889014407,511.53928806067404
2024-12-04,507.6499938964844,531.0999755859375,504.9500122070313,530.8499755859375,289788.0,45.368437093494805,3.9796349209563004,6.443972634720556,-2.4643377137642553,529.9249984741211,512.3959973144532,522.4379608057305,511.3867667209019
2024-12-05,500.8999938964844,512.25,496.6000061035156,512.25,190712.0,43.18724149453802,1.8134034545374789,5.517858798683941,-3.704455344146462,529.7924987792969,511.9199969482423,520.3867258619928,510.9755207277875
2024-12-06,499.6000061035156,508.0,496.9500122070313,508.0,100216.0,42.7608511902227,-0.008154737161930825,4.412656091514767,-4.420810828676697,527.4199996948242,511.1559973144532,518.4070382659473,510.529422115071
2024-12-09,499.0499877929688,505.0,495.0,500.0,74616.0,42.56935002030269,-1.47908464161776,3.2343079448882612,-4.713392586506021,525.3499984741211,510.61699707031255,516.5635096494732,510.07924822008664
2024-12-10,503.5,509.7000122070313,499.3999938964844,505.6499938964844,106930.0,44.7261675545103,-2.259680206751682,2.135510314560273,-4.395190521311955,523.3874984741211,510.2999975585938,515.3193658733329,509.82123848596564
2024-12-11,498.8999938964844,518.6500244140625,497.0499877929688,512.9500122070312,244179.0,42.93132699286423,-3.212458641176852,1.065916523412848,-4.2783751645897,521.7524993896484,509.97599792480474,513.7556161612521,509.39295438441735
2024-12-12,500.2999877929688,504.6499938964844,493.7000122070313,499.2000122070313,108150.0,43.6721926321017,-3.8106478314920196,0.09060365243187452,-3.901251483923894,519.9449981689453,509.82199768066414,512.4741277452251,509.0363674592625
2024-12-13,502.1499938964844,506.75,493.0,499.5,92086.0,44.69394594581566,-4.088309555458693,-0.745178989146239,-3.343130566312454,519.1374984741211,509.5089978027344,511.4908769024879,508.76631359405553
2024-12-16,504.75,512.9000244140625,492.0,500.0,525952.0,46.17175829793271,-4.051852475602686,-1.4065136864375285,-2.645338789165158,517.9524978637695,509.56299804687507,510.8488886260605,508.608811100171
2024-12-17,544.0,552.7999877929688,514.0499877929688,525.0,1227355.0,62.47351697464126,-0.8460601483583332,-1.2944229788216894,0.44836283046335623,517.829997253418,510.57599792480477,514.0061373283405,509.99670086094864
2024-12-18,573.4500122070312,584.0,542.0,547.0,1256963.0,69.85126559057295,4.024530941050557,-0.2306321948472403,4.2551631358977975,519.004997253418,512.4149981689454,519.6674587453587,512.4850660117754
2024-12-19,580.4500122070312,603.0,560.0,565.0,1447724.0,71.29580249929484,8.353062068752138,1.4861066578726354,6.866955410879502,521.6649978637695,514.1009985351564,525.4562733607561,515.1503580194325
2024-12-20,564.25,590.2999877929688,559.6500244140625,590.2999877929688,472816.0,63.69019169227467,10.356861128712353,3.2602575520405788,7.096603576671774,523.2024978637695,515.5229986572266,529.150913993065,517.0758341755331
2024-12-23,562.9500122070312,576.1500244140625,556.1500244140625,568.0,253754.0,63.10840211557305,11.705059529769642,4.9492179475863916,6.75584158218325,524.9399978637696,516.779998779297,532.3698757277285,518.8748215493174
2024-12-24,553.0,569.2999877929688,550.0,565.6500244140625,123290.0,58.68942022174834,11.834216169014098,6.3262175918719326,5.507998577142166,526.3024978637695,517.3769982910158,534.3346494679448,520.213063841501
2024-12-26,552.9000244140625,565.4500122070312,542.0499877929688,555.6500244140625,324608.0,58.644985654968266,11.792569145395532,7.419487902576654,4.373081242818879,527.7949996948242,518.1629992675782,536.1027804151942,521.4949054325818
2024-12-27,551.75,562.4000244140625,548.0,554.9500122070312,202723.0,58.10006218470513,11.533811619269045,8.242352645915132,3.2914589733539135,529.2300003051757,518.7939990234376,537.5929918042233,522.6813797293433
2024-12-30,556.0,585.4000244140625,553.0,559.6500244140625,440914.0,59.594280406184666,11.53867325413546,8.901616767559197,2.637056486576263,531.0599990844727,519.4479992675782,539.3460402038211,523.9879922889769
2024-12-31,564.7000122070312,573.0499877929688,551.0499877929688,559.0,136795.0,62.539324927216484,12.105005443219852,9.542294502691329,2.5627109405285236,532.5550003051758,520.4850000000001,541.7607042041268,525.5845420896849
2025-01-01,577.4500122070312,584.4500122070312,564.6500244140625,564.7000122070312,203224.0,66.40398892042566,13.427858235884628,10.319407249329988,3.10845098655464,534.8850021362305,521.7,545.1596859186891,527.6184820942867
2025-01-02,586.4500122070312,588.7999877929688,576.25,581.5,323506.0,68.84714390792382,15.029206056509224,11.261367010765836,3.767839045743388,538.8250030517578,523.3930004882814,549.0920979461503,529.9256009222375
2025-01-03,598.9500122070312,608.2000122070312,576.7000122070312,587.5,327453.0,71.90326999259672,17.109701288548422,12.431033866322354,4.678667422226068,543.7275039672852,525.8810009765625,553.8404707329008,532.6324405804647
2025-01-06,574.7000122070312,612.1500244140625,570.6500244140625,612.0999755859375,271856.0,59.67296167913118,16.610263635148385,13.26687982008756,3.3433838150608253,547.4825042724609,527.7030010986329,555.827093730437,534.2821492717027
2025-01-07,607.1500244140625,611.8499755859375,579.6500244140625,579.6500244140625,389818.0,67.61189430914698,18.618280537060855,14.33715996348222,4.281120573578635,552.8875061035156,530.0890014648438,560.7149918907824,537.1397130027756
2025-01-08,599.0499877929688,624.0,590.5,619.0,279052.0,64.2136845701623,19.333182247850118,15.3363644203558,3.9968178274943185,557.665005493164,532.6220013427735,564.3659438814668,539.5675669161166
2025-01-09,582.5999755859375,599.2999877929688,580.2000122070312,598.5,102140.0,57.85414753749425,18.36071757457023,15.941235051198687,2.419482523371544,561.8500045776367,534.6460009765626,566.1025183295117,541.2551123541488
2025-01-10,571.5,584.5999755859375,560.5,582.0999755859375,198481.0,53.970040942167174,16.50410796814151,16.053809634587253,0.4502983335542581,565.4100051879883,536.237000732422,566.6165642028915,542.4411863794762
2025-01-13,570.2000122070312,584.0,555.25,564.0,194730.0,53.51688321703576,14.75771556972677,15.794590821615158,-1.0368752518883877,568.8125061035156,538.0750012207031,566.9578449651906,543.5297677844784
2025-01-14,581.4000244140625,593.5499877929688,565.0,573.8499755859375,134689.0,56.8763909545188,14.114728589538458,15.458618375199817,-1.343889785661359,572.6450073242188,540.247001953125,568.333290626988,545.0148758875994
2025-01-15,587.0499877929688,589.4000244140625,568.5999755859375,581.0,124786.0,58.50561769389251,13.900821582984122,15.147059016756678,-1.2462374337725564,574.7975067138672,542.4040014648438,570.1158332142243,546.6633116485942
2025-01-16,591.5499877929688,600.0999755859375,578.9500122070312,590.0,190240.0,59.8080555503642,13.933791061233705,14.904405425652085,-0.9706143644183793,575.702505493164,544.7830010986328,572.1571812693428,548.4235734581775
2025-01-17,596.0499877929688,606.8499755859375,583.7000122070312,586.0,267152.0,61.122232099004954,14.159806566287102,14.75548565377909,-0.5956790874919875,576.4825042724609,546.6330010986328,574.4326866525453,550.2912759811106
2025-01-20,597.7999877929688,608.0,586.0,586.0,306241.0,61.647425709284505,14.315120063792847,14.667412535781843,-0.3522924719889957,578.1600036621094,547.6480010986328,576.6581439040142,552.1543627188305
2025-01-21,581.4500122070312,600.0,577.9500122070312,596.9000244140625,101938.0,54.270944596656456,12.969397599840363,14.327809548593548,-1.3584119487531847,579.0850036621093,548.4680010986328,577.1145123138253,553.3032117183678
2025-01-22,558.75,588.9000244140625,552.4000244140625,581.4500122070312,209887.0,46.03495680119017,9.956430050600488,13.453533648994936,-3.497103598394448,579.3725036621094,548.7880010986328,575.36551114108,553.516811258824
2025-01-23,591.4000244140625,595.0,556.0,556.0,336699.0,56.305955293112,10.086939701171332,12.780214859430217,-2.693275158258885,581.2975036621094,549.9840020751953,576.8926076432689,555.0024274609902
2025-01-24,582.8499755859375,598.5,571.3499755859375,591.4000244140625,155912.0,53.43770088917338,9.392184794945706,12.102608846533315,-2.7104240515876086,582.8525024414063,550.9120013427735,577.4599760187612,556.0944881717725
2025-01-27,570.5499877929688,590.5,565.5,575.0,511630.0,49.528906330779016,7.759632098094016,11.234013496845456,-3.47438139875144,583.5800018310547,551.9570013427734,576.8018819020191,556.6613705098587
2025-01-28,572.9500122070312,582.4000244140625,534.0,574.0,285875.0,50.29293362802283,6.583592678057357,10.303929333087837,-3.7203366550304793,583.9925018310547,552.8470013427734,576.4350371691631,557.3001407724929
2025-01-29,630.2000122070312,630.2000122070312,567.7999877929688,573.0,890510.0,64.21056932525917,10.15411914181152,10.273967294832575,-0.11984815302105467,586.6300018310546,554.5220013427735,581.5555109822934,560.1589592601218
2025-01-30,693.2000122070312,693.2000122070312,693.2000122070312,693.2000122070312,394949.0,73.12734205919492,17.861464728606734,11.791466781587408,6.069997947019326,591.9675018310547,557.3870013427735,592.1883206227446,565.3762554541183
2025-01-31,750.4500122070312,758.7999877929688,677.9000244140625,718.0,3793474.0,78.39509008085142,28.263385462094675,15.085850517688861,13.177534944405814,599.5425018310547,561.8510015869141,607.260862678391,572.6340498365855
2025-02-01,756.7999877929688,774.0,740.3499755859375,750.5,918259.0,78.88939651675427,36.597499354593424,19.388180285069772,17.20931906952365,608.6475006103516,566.3170013427734,621.5026841178747,579.8562434819339
2025-02-03,766.2999877929688,793.7999877929688,755.0499877929688,758.0,826363.0,79.63991205470012,43.4678450042195,24.20411322889972,19.26373177531978,616.6049987792969,571.0790008544922,635.2929035155026,587.1677628666804
2025-02-04,804.5999755859375,804.5999755859375,771.9500122070312,771.9500122070312,810410.0,82.36235805823493,51.410504069272065,29.64539139697419,21.765112672297874,626.8824981689453,576.656000366211,651.4173865698298,595.6945163066513
2025-02-05,823.8499755859375,828.7999877929688,785.75,819.0,724142.0,83.55274929035875,58.58312294850964,35.43293770728128,23.150185241228357,638.9449981689453,582.6720001220704,667.8395379046972,604.6417892195645
2025-02-06,831.1500244140625,841.9000244140625,805.0499877929688,820.0,402610.0,83.99392714201308,64.11742228521553,41.16983462286814,22.947587662347388,651.9274993896485,588.8340008544922,683.3929175722558,613.5244651095448
2025-02-07,821.75,844.7999877929688,801.4000244140625,834.0,428269.0,80.98165010748536,66.97286942156734,46.330441582607975,20.642427838959364,664.5049987792969,594.881000366211,696.5697825653742,621.690172360151
2025-02-10,810.7000122070312,834.4500122070312,784.0,821.75,534746.0,77.46468327084509,67.56533901304135,50.57742106869465,16.987917944346705,675.9699981689453,600.3990008544922,707.439328245532,629.1023229423816
2025-02-11,793.25,822.7000122070312,778.2999877929688,816.0,1005835.0,72.1367720873921,65.86752545123602,53.63544194520293,12.232083506033092,686.2799987792969,605.6470013427735,715.6117731745289,635.5394867485628
2025-02-12,801.2999877929688,825.0,760.0,796.9500122070312,716315.0,73.05738516449203,64.42886683842039,55.79412692384643,8.634739914573963,696.7674987792968,611.5200012207031,723.7725555191423,642.0398985542258
2025-02-13,761.25,809.7999877929688,761.25,801.0,393455.0,62.069463523541806,59.37260973277614,56.509823485632374,2.8627862471437666,705.0274993896485,616.7270013427734,727.3418359458907,646.7148044932758
2025-02-14,723.2000122070312,759.3499755859375,723.2000122070312,731.0,569784.0,53.791856908490864,51.69921713680344,55.54770221586659,-3.8484850790631526,711.2975006103516,621.1990014648437,726.9473765421898,649.7142244036191
2025-02-17,754.2999877929688,759.3499755859375,725.0499877929688,759.3499755859375,865067.0,58.646219569853656,47.579044726451684,53.953970717983616,-6.374925991531931,719.9399993896484,626.3040014648437,729.5523871375021,653.815626889476
2025-02-18,751.9000244140625,783.0,730.2000122070312,757.0,427754.0,58.138635727711886,43.617328013170095,51.88664217702092,-8.269314163850822,729.5975006103515,631.272001953125,731.6807335447936,657.6620738512245
2025-02-19,788.25,789.4500122070312,754.9000244140625,754.9000244140625,805197.0,63.31725293516276,42.916068492375416,50.09252744009182,-7.176458947716405,739.4399993896484,637.0590020751953,737.0682827310037,662.7831689943137
2025-02-20,778.9500122070312,795.5499877929688,765.0999755859375,774.0,508245.0,61.23022052217026,41.13569726618982,48.301161405311426,-7.165464139121603,749.2450012207031,642.6320025634766,741.0570188715777,667.3387314732438
2025-02-21,749.5499877929688,785.0,740.0,785.0,329546.0,55.052424362169496,36.926735557188294,46.0262762356868,-9.099540678498506,758.1950012207031,647.5800024414062,741.8658730545674,670.5627023093115
2025-02-24,761.0499877929688,778.75,733.1500244140625,749.5499877929688,336070.0,56.88487479166102,34.1256774027604,43.64615646910153,-9.520479066341125,767.6,652.7060021972657,743.6929316010818,674.1112233086706
2025-02-25,797.6500244140625,799.0999755859375,770.0,778.9500122070312,393548.0,62.170805012218196,34.46188060307941,41.8093012958971,-7.347420692817693,775.9725006103515,657.7790026855469,748.8317023451752,678.9558821755487
2025-02-27,788.25,826.7000122070312,766.5999755859375,799.9500122070312,244648.0,60.13175536130171,33.582700187357545,40.163981074189195,-6.5812808868316495,780.725,662.0750024414062,752.5858259313491,683.2419260118016
2025-02-28,754.0,788.0,748.8499755859375,788.0,290150.0,53.275526049176285,29.77898105609563,38.08698107057049,-8.308000014474857,780.9024993896485,665.5460021972656,752.7205091759826,686.0167524427114
2025-03-03,770.7000122070312,791.7000122070312,752.5499877929688,791.7000122070312,536727.0,55.91497599389004,27.791692328105455,36.027923322077484,-8.236230993972029,781.5975006103515,669.6750024414063,754.4328427979872,689.3376645903319
2025-03-04,787.4500122070312,799.0,775.0499877929688,790.0,573150.0,58.45022374073718,27.25416762864768,34.27317218339152,-7.019004554743844,782.6550018310547,674.1650024414063,757.577335122658,693.185207634124
2025-03-05,804.9500122070312,817.0,792.25,796.5,544040.0,60.97531266340692,27.91845263472885,33.00222827365899,-5.083775638930142,782.6725036621094,679.2040026855469,762.0890186545031,697.5681411467871
2025-03-06,797.5499877929688,816.0,776.5999755859375,812.0,339547.0,59.33326403351111,27.530429508061275,31.907868520539452,-4.3774390124781775,781.3575042724609,684.097001953125,765.4662538105474,701.4889978780099
2025-03-07,837.4000244140625,837.4000244140625,765.0499877929688,796.0,672220.0,64.82649524427114,30.09160599673578,31.54461601577872,-1.4530100190429387,781.6700042724609,689.8100024414063,772.3170891061202,706.8188420558943
2025-03-10,830.3499755859375,871.0,821.5499877929688,871.0,548640.0,63.19999661605043,31.192904410442452,31.474273694711467,-0.2813692842690152,782.1000030517578,695.297001953125,777.8440306756266,711.6632002335431
2025-03-11,819.4000244140625,842.0499877929688,807.7000122070312,829.7000122070312,361615.0,60.654520235468496,30.826769975442744,31.344772950857724,-0.51800297541498,782.5350036621094,700.3910021972656,781.8017443650015,715.8881737308184
2025-03-12,837.9000244140625,846.4000244140625,813.0,821.0,317409.0,63.340961304285656,31.664393765964974,31.408697113879178,0.2556966520857955,784.7675048828125,705.6000024414062,787.1444377030074,720.6729521889848
2025-03-13,842.75,850.9500122070312,830.0,847.9500122070312,300491.0,64.03426563425329,32.34669656863173,31.596297004829687,0.7503995638020413,786.8400054931641,710.7260021972656,792.4402055408161,725.4602873972599
2025-03-17,884.8499755859375,884.8499755859375,851.0,857.9500122070312,407205.0,69.43755165749165,35.871043579643356,32.45124631979242,3.419797259850938,793.0200042724609,716.4440014648437,801.2411360213039,731.710863404659
2025-03-18,884.8499755859375,884.8499755859375,884.8499755859375,884.8499755859375,0.0,69.43755165749165,38.223497293915784,33.605696514617094,4.61780077929869,801.1025024414063,722.6470007324219,809.203882646507,737.716318784317
2025-03-19,910.8499755859376,955.4500122070312,899.8499755859375,928.4500122070312,398780.0,72.40671013881938,41.705066474113096,35.22557050651629,6.4794959675968045,808.9300018310547,728.7209997558593,818.8844629264529,744.505873953008
2025-03-20,925.75,938.0,901.5499877929688,923.9500122070312,276998.0,73.96755083854121,45.14612613864733,37.209681632942505,7.936444505704827,817.6225006103516,735.255,829.0621331239336,751.6134867391645
2025-03-21,906.9500122070312,968.2999877929688,890.1500244140625,935.4500122070312,547808.0,68.68806475944709,45.827913161408674,38.93332793863574,6.894585222772932,823.5575012207031,741.7420007324218,836.480026369943,757.7051151888849
2025-03-24,903.9000244140624,922.75,890.0,910.9500122070312,311038.0,67.84205644481762,45.59651749306295,40.26596584952119,5.33055164354176,829.8050018310547,748.3900012207031,842.900978564621,763.4382488839899
2025-03-25,880.0,910.7999877929688,870.0999755859375,904.9000244140624,368384.0,61.45453708855103,42.989051503430005,40.810582980302954,2.1784685231270515,836.3275024414063,754.5860009765624,846.4342187013239,768.0092979473628
2025-03-26,854.4500122070312,892.0499877929688,846.9000244140625,888.75,231355.0,55.444605120783734,38.41808565908275,40.332083516058916,-1.9139978569761666,840.9975036621094,760.0470007324219,847.1976276066293,771.3991298791145
2025-03-27,883.8499755859375,890.0,848.0499877929688,850.0,336321.0,60.260517604263946,36.744327894916296,39.614532391830394,-2.8702044969140985,845.3075012207031,765.9830004882813,850.6883274141825,775.8089669656566
2025-03-28,884.8499755859375,904.0,874.7999877929688,904.0,188307.0,60.41723683488178,35.094012519630155,38.71042841739035,-3.6164158977601915,850.1375,771.8490002441406,853.9418177162545,780.0850849507657
2025-04-01,840.5999755859375,863.4500122070312,840.5999755859375,842.2000122070312,209222.0,50.85922097464206,29.871184091475698,36.94257955220742,-7.071395460731722,854.4674987792969,776.74,852.6711660847957,782.4582179168509
2025-04-02,798.5999755859375,798.5999755859375,798.5999755859375,798.5999755859375,41209.0,43.7797491827489,22.088384792021543,33.97174060017024,-11.8833558081487,855.8624969482422,780.7559997558594,847.5215288944282,783.091228021521
2025-04-03,764.4000244140625,821.0,758.7000122070312,765.0,1076917.0,39.01711539152712,13.010829295353574,29.77955833920691,-16.768729043853337,854.7099975585937,784.415,839.6051951343934,782.358239644758
2025-04-04,726.2000122070312,788.0,726.2000122070312,788.0,536009.0,34.50225707804108,2.7032184105615897,24.36429035347785,-21.66107194291626,850.7724975585937,787.7640002441407,828.8047015222636,780.1559562158276
2025-04-07,655.7000122070312,688.9500122070312,653.5999755859375,653.5999755859375,872729.0,28.050960556706315,-11.027282634908715,17.28597575580054,-28.313258390709255,843.6799987792969,789.05,812.3185406350987,775.2753309605807
2025-04-08,694.5499877929688,719.7000122070312,679.0,679.9500122070312,572045.0,35.23734517632688,-18.55998730886438,10.116783142867556,-28.676770451731933,836.5374969482422,791.2840002441407,801.1024879834672,772.1096312285176
2025-04-09,626.0499877929688,690.3499755859375,625.0999755859375,690.0,1302604.0,29.619740094856382,-29.714556642489242,2.1505151857961957,-31.865071828285437,826.3224975585938,792.3940002441407,784.4308212986577,766.3818020741824
2025-04-11,683.5499877929688,688.6500244140625,655.0,679.0,956169.0,38.484991734339154,-33.52836957746604,-4.985261766856251,-28.543107810609786,819.529995727539,794.6059997558593,774.8231228695445,763.1334956317818
2025-04-15,736.4500122070312,751.9000244140625,682.0499877929688,709.5999755859375,1168431.0,45.310246659340976,-31.91436500542909,-10.37108241457082,-21.54328259085827,814.4574951171875,796.7309997558593,771.168540901686,762.0870845170857
2025-04-16,747.3499755859375,752.4000244140625,725.0,738.7000122070312,459043.0,46.624365644421005,-29.416622293345768,-14.18019039032581,-15.236431903019957,809.6874938964844,797.8139990234375,768.9001061097099,761.5091586766486
2025-04-17,762.2000122070312,771.0,722.0,747.3499755859375,359237.0,48.44202196634707,-25.939850896232088,-16.532122491507067,-9.40772840472502,803.5549957275391,798.0489990234375,768.2620019285024,761.5362509719577
2025-04-21,742.4000244140625,766.9000244140625,728.0,761.4000244140625,402855.0,46.18373139338685,-24.499760071194714,-18.125650007444598,-6.374110063750116,796.4324981689454,797.7609997558594,765.7989564509367,760.7858107147853
2025-04-22,750.5,771.9500122070312,730.2999877929688,736.0,323819.0,47.26677358107418,-22.446132340208237,-18.989746473997325,-3.456385866210912,788.4149993896484,797.445,764.3419129794189,760.3824455887152
2025-04-23,745.2000122070312,759.0,730.2000122070312,752.7000122070312,243896.0,46.605854771373075,-21.0041594137723,-19.39262906195232,-1.6115303518199795,779.3875,796.2570007324218,762.5188748106201,759.7870560443355
2025-04-24,764.4500122070312,785.4000244140625,731.7999877929688,745.0,618078.0,49.374709857960234,-18.099432369826445,-19.133989723527144,1.0345573537006985,772.2625,795.0690014648437,762.7027926578974,759.9699170703236
2025-04-25,723.0499877929688,769.0499877929688,712.7999877929688,764.4500122070312,506457.0,44.080429316147956,-18.919953785864436,-19.091182535994605,0.1712287501301688,763.2199981689453,792.9070007324219,758.9263350517137,758.5220767065058
2025-04-28,711.0999755859375,732.0,705.0,710.0,231979.0,42.658555760685175,-20.300477763254435,-19.333041581446572,-0.9674361818078623,754.7749969482422,790.6940002441406,754.3714436740207,756.6623864664836
2025-04-29,685.4000244140625,724.4500122070312,680.0,720.9500122070312,346532.0,39.693180289211874,-23.200878947134015,-20.106609054584062,-3.0942698925499528,746.3224975585938,788.1880004882812,747.8027370778343,753.8677840330554
2025-04-30,711.1500244140625,730.0999755859375,682.5,698.0,654607.0,43.901010432978886,-23.154744502058065,-20.716236144078863,-2.4385083579792024,737.6875,786.5460009765625,744.3120025384276,752.1925777734871
2025-05-02,717.6500244140625,726.9500122070312,694.2000122070312,706.1500244140625,204900.0,44.94526706202969,-22.33620903082135,-21.040230721427363,-1.2959783093939876,729.3275024414063,784.8730017089844,741.7727665265833,750.8379678378234
2025-05-05,742.0,757.0499877929688,729.2999877929688,750.2999877929688,763503.0,48.790911308905756,-19.497914423642783,-20.731767461870447,1.2338530382276645,724.3975036621093,784.4880017089844,741.7944078097657,750.4913808637912
2025-05-06,715.5,747.2000122070312,708.7999877929688,741.0499877929688,341539.0,45.09882613914739,-19.165940991538264,-20.41860216780401,1.2526611762657467,720.2425048828125,784.3340014648437,739.2901784945499,749.1191698495248
2025-05-07,738.1500244140625,741.5,692.0499877929688,700.0,298351.0,48.6738500689739,-16.880593010374128,-19.711000336318033,2.8304073259439058,718.9300048828125,784.0110021972656,739.1815923916464,748.6890072834283
2025-05-08,723.2999877929688,749.0,720.0,734.0,159696.0,46.53433962175065,-16.08232508595529,-18.985265286245486,2.902940200290196,718.7850036621094,783.4390014648437,737.6690586203438,747.6933594602731
2025-05-09,725.6500244140625,729.4000244140625,702.0999755859375,707.0,120036.0,46.931882685845366,-15.086159829688427,-18.205444194934074,3.1192843652456475,722.282504272461,782.187001953125,736.5243886959361,746.828914948657
2025-05-12,734.6500244140625,764.0,730.0,737.9500122070312,402173.0,48.51086548849212,-13.415817707773613,-17.247518897501983,3.8317011897283706,724.2875061035156,781.3010021972656,736.3458778119481,746.3513113982808
2025-05-13,769.0,778.5,741.0,744.0,400826.0,54.12161001922454,-9.214089301038825,-15.640832978209351,6.426743677170526,731.4350067138672,781.6900024414062,739.4557942108102,747.2394952650149
2025-05-14,770.1500244140625,818.6500244140625,751.1500244140625,780.0,1808376.0,54.301155893110035,-5.725393139642847,-13.65774501049605,7.9323518708532035,735.7650085449219,781.8720031738281,742.3790542301675,748.137947388507
2025-05-15,838.7000122070312,844.7999877929688,785.0999755859375,789.0,2820653.0,63.47653872418904,2.541537558777577,-10.417888496641327,12.959426055418904,740.8775085449219,782.6930029296875,751.5524787993927,751.689400910802
2025-05-16,823.7000122070312,851.3499755859375,814.2999877929688,845.0,611433.0,60.608903123151116,7.792932977098189,-6.775724201893424,14.568657178991614,744.6950103759766,783.4020031738281,758.423672457263,754.5133464518307
2025-05-19,818.75,848.7999877929688,815.0,824.9500122070312,554650.0,59.65120281839405,11.423592995140666,-3.135860762486607,14.559453757627272,747.522509765625,784.6970031738281,764.1690369851427,757.0324309047
2025-05-20,794.0999755859375,829.0,790.0,824.25,347771.0,54.99123970667038,12.171560087412331,-0.07437659250681916,12.24593667991915,750.1075073242188,785.1650024414063,767.0196025661708,758.4860601078859
2025-05-21,789.4000244140625,813.75,780.0,796.9000244140625,354663.0,54.123066568052415,12.243942073772928,2.3892871407491305,9.854654933023797,752.0525085449219,785.2040026855469,769.151071313589,759.6983724336184
2025-05-22,794.3499755859375,803.2999877929688,775.0999755859375,787.9000244140625,282391.0,54.930100282669336,12.555987403592212,4.422627193317747,8.133360210274464,754.5100067138671,784.992001953125,771.5509669585746,761.0572588317486
2025-05-23,800.2999877929688,810.2999877929688,779.7999877929688,789.2999877929688,262088.0,55.93357569288297,13.13202403573689,6.164506561801576,6.967517473935314,756.3025054931641,785.047001953125,774.2889689428025,762.5961893792476
2025-05-26,810.75,832.5999755859375,796.0999755859375,800.3499755859375,476553.0,57.71430237962971,14.267301299251926,7.7850655092916465,6.48223578996028,760.6875061035156,784.5140014648438,777.761448091107,764.4845741094731
2025-05-27,840.9000244140625,848.7999877929688,803.2999877929688,811.0,489203.0,62.43135326004936,17.39930336723853,9.707913080881024,7.691390286357507,767.1775085449219,784.7250024414062,783.7746458361504,767.4812584351432
2025-05-28,878.2999877929688,888.0,838.0499877929688,844.0,790004.0,67.30375541440606,22.63834134398155,12.29399873350113,10.344342610480421,776.8225067138671,785.9030017089843,792.7770593558473,771.8270909589795
2025-05-29,887.6500244140625,899.0,873.2000122070312,879.9000244140625,520958.0,68.40691030258404,27.230885798736608,15.281376146548226,11.949509652188382,785.6475067138672,786.8980017089843,801.8125798375821,776.3691667807475
2025-05-30,904.7999877929688,909.9000244140624,880.6500244140625,888.4500122070312,305372.0,70.38090070347347,31.88679792543769,18.60246050232612,13.28433742311157,795.0050048828125,788.1390014648438,811.6209044047617,781.4056695655405
2025-06-02,918.4000244140624,924.0,885.0,900.0,399700.0,71.88130946716015,36.256113220399584,22.133191045940812,14.122922174458772,803.8250061035156,788.8100024414063,821.7903444056475,786.777997206659
2025-06-03,886.9500122070312,924.5,878.7000122070312,917.7000122070312,479848.0,63.82898762825883,36.75735798232563,25.058024433217774,11.699333549107855,812.3975067138672,788.8520031738282,827.9960270533983,790.7063115203991
2025-06-04,908.0999755859376,912.9500122070312,889.1500244140625,890.0,259748.0,66.5433110141025,38.418360410273635,27.730091628628948,10.688268781644688,820.8950042724609,788.7970031738281,835.6249745326877,795.3099846210084
2025-06-05,923.6500244140624,925.0,900.0,909.9500122070312,218175.0,68.41970457283482,40.52235925139075,30.28854515318131,10.233814098209443,830.9125061035156,788.7550036621094,844.0083126166281,800.3429273579909
2025-06-06,900.75,932.2999877929688,895.0,924.2000122070312,226884.0,62.83108667924017,39.8822155497038,32.20727923248581,7.674936317217991,839.6675048828125,788.6310034179687,849.4122828436159,804.2804596184619
2025-06-09,878.4000244140625,910.0,866.3499755859375,899.75,316503.0,57.863413000269155,37.143276243239484,33.194478634636546,3.9487976086029377,846.8550048828125,788.1210034179687,852.1730201360393,807.1871092182894
2025-06-10,907.4000244140624,913.2000122070312,882.2999877929688,885.5499877929688,342328.0,62.05552315890113,36.88748873825193,33.933080655359625,2.954408082892307,853.7750061035156,788.66900390625,857.4327348291844,811.1170274612609
2025-06-11,959.6500244140624,967.75,906.75,913.0,866495.0,68.19512258860564,40.434806348438315,35.233425793975364,5.201380554462951,863.2500061035156,790.7730041503906,867.1677147896489,816.9418508711747
2025-06-12,964.2000122070312,986.0,942.0,970.0,706070.0,68.67051618484643,43.11621026755688,36.80998268869167,6.306227578865212,869.5250061035156,792.3800048828125,876.4088859722568,822.7166807274829
2025-06-13,953.75,981.8499755859376,942.8499755859376,957.75,387810.0,66.22227093407042,43.8920532729428,38.226396805541896,5.665656467400908,876.0275054931641,793.7580053710938,883.7747063558514,827.8552422675816
2025-06-16,938.5499877929688,964.7000122070312,926.2999877929688,950.0,231380.0,62.71959715427179,42.787176553833206,39.13855275520016,3.6486237986330465,882.0175048828125,795.7170056152344,888.9913998260531,832.1962126803419
2025-06-17,910.75,953.9000244140624,907.0499877929688,938.5499877929688,208577.0,56.802009821410806,39.21626640519048,39.154095485198226,0.06217091999225488,887.8500061035156,797.9600061035156,891.0636474616671,835.2767533595443
2025-06-18,884.0,919.5,879.5,909.0,363222.0,51.74309165125178,33.83773262599516,38.09082291335761,-4.253090287362454,892.5800048828125,800.3520056152344,890.3909191319844,837.1874689140719
2025-06-19,856.0999755859375,894.0,847.5,884.2999877929688,467795.0,47.037604139368895,27.01252349956667,35.875163030599424,-8.862639531032755,895.6675048828125,802.9500048828126,887.1251149847419,837.9291358423804
2025-06-20,865.2999877929688,878.5,850.0999755859375,854.9000244140625,176928.0,48.69446106897306,22.09120651389935,33.11837172725941,-11.027165213360057,898.9175048828125,807.1420043945312,885.0465314426683,839.0025025855408
2025-06-23,856.25,867.5499877929688,850.0999755859375,864.0,196110.0,47.13245846997906,17.261785843479856,29.9470545505035,-12.685268707023642,901.1925048828125,810.3760046386719,882.3040046386046,839.6788750331667
2025-06-24,866.9500122070312,888.75,861.0,861.0,255160.0,49.207022408869456,14.134898419142587,26.78462332423132,-12.649724905088732,902.495004272461,815.1940051269531,880.8417196451214,840.7483313929262
2025-06-25,880.6500244140625,889.0999755859375,868.0,875.0,178660.0,51.81424290017768,12.61685484771101,23.95106962892726,-11.33421478121625,902.6125061035157,819.136005859375,880.8234629564491,842.313103668265
2025-06-26,869.6500244140625,893.7000122070312,853.0999755859375,890.0,210639.0,49.61223295238975,10.406229772114102,21.24210165756463,-10.835871885450526,901.7125061035156,821.8000061035157,879.7593259524124,843.3851397759432
2025-06-27,865.0,881.3499755859375,861.4500122070312,872.0,111707.0,48.6705948884268,8.184726927466386,18.63062671154498,-10.445899784078595,899.7225067138672,824.1530065917968,878.3536758617065,844.2327813533572
2025-06-30,877.75,887.0,850.0,865.0,327784.0,51.39466812494411,7.368054021517764,16.378112173539538,-9.010058152021774,897.6900054931641,826.4640063476562,878.2961829224963,845.547182084598
2025-07-01,843.5499877929688,881.75,836.3499755859375,879.9000244140625,348707.0,44.56298680423556,3.9160380471051894,13.885697348252668,-9.969659301147479,895.5200042724609,828.4870056152344,874.987021481589,845.4688607398282
2025-07-02,837.6500244140625,850.0,828.7999877929688,848.0499877929688,229576.0,43.489005435048185,0.6961875634548278,11.2477953912931,-10.551607827838271,891.9975067138672,830.2300061035156,871.4311169989674,845.1622397074452
2025-07-03,868.75,872.1500244140625,837.0999755859375,844.0,279867.0,50.2898513246006,0.6464886550462552,9.127534044043731,-8.481045388997476,889.2525054931641,832.701005859375,871.1757725228751,846.0872499149965
2025-07-04,897.25,905.0,854.9000244140625,868.75,436882.0,55.56706283130562,2.873687645266955,7.876764764288376,-5.003077119021421,889.077505493164,835.3570056152344,873.6590322826013,848.0936322712712
2025-07-07,898.5999755859375,923.0,880.2000122070312,910.0,435684.0,55.80638597270878,4.693585902064115,7.240128991843524,-2.5465430897794095,890.0875030517578,838.8680053710938,876.0343602162524,850.0742731855718
2025-07-08,877.0499877929688,910.0,864.0,899.0,247271.0,51.0769392817096,4.346856610918508,6.6614745156585204,-2.314617904740013,888.5700012207031,842.1870056152344,876.1310866521301,851.1321443466462
2025-07-09,911.8499755859376,920.0,871.0999755859375,878.5499877929688,464374.0,57.36112384984962,6.80173318269749,6.689526249066315,0.11220693363117462,886.1799987792969,846.7160046386718,879.532885598207,853.513235767795
2025-07-10,917.1500244140624,921.8499755859376,902.9500122070312,919.0499877929688,199215.0,58.24089944534911,9.070352817158778,7.165691562684808,1.9046612544739698,883.8274993896484,850.8360046386719,883.1154702473361,856.0087961068643
2025-07-11,908.4500122070312,944.0,906.0,919.75,365103.0,56.19134133920975,10.050377450809265,7.7426287403097,2.307748710499565,881.5625,854.6520043945312,885.5282837673071,858.0653143853023
