Date,Close,High,Low,Open,Volume
,VSSL.NS,VSSL.NS,VSSL.NS,VSSL.NS,VSSL.NS
2022-07-11,110.22586822509766,112.91903979221085,102.77719504186905,110.39571074185191,38112
2022-07-12,108.69731903076172,112.09411025047302,106.99892342090607,110.12882242104232,34762
2022-07-13,111.87574005126953,112.5065741504201,108.98846916392996,109.5465104413996,33240
2022-07-14,110.37145233154297,112.50658272176287,109.69209703726509,112.50658272176287,13662
2022-07-15,106.65924835205078,111.09933687741385,105.32479462641061,111.09933687741385,43800
2022-07-18,108.16353607177734,111.9727978106341,107.53270933158933,111.12359999408542,132920
2022-07-19,110.34718322753906,111.90000795408845,107.89664697756349,108.8914155997118,32278
2022-07-20,112.02131652832031,113.54986950215964,110.34717791340897,110.34717791340897,63624
2022-07-21,109.76488494873047,112.74921322666891,108.69732343162481,112.1426433414478,49682
2022-07-22,111.8029556274414,112.60363229957184,109.71636119536073,112.53083947242324,39896
2022-07-25,117.50470733642578,121.26544037301878,109.64356363114062,109.64356363114062,159124
2022-07-26,116.75257110595703,117.91718229026681,114.03513513667778,117.91718229026681,87542
2022-07-27,115.0541763305664,116.41288692087745,114.54465615699107,116.14600210062038,42382
2022-07-28,115.2482681274414,117.43191952354029,113.81676480421551,113.81676480421551,42068
2022-07-29,117.50470733642578,118.88768954390744,115.46663413941364,116.4128816161246,78332
2022-08-01,118.66932678222656,119.61557426612588,116.94666692955917,117.50470822907445,75744
2022-08-02,118.06275177001953,119.37294110615495,116.65550533871966,119.37294110615495,31050
2022-08-03,116.63125610351562,118.54801538780757,115.68500119464206,117.84439582831018,40302
2022-08-04,118.93621826171875,120.56182100493078,116.50993887983479,116.50993887983479,66456
2022-08-05,121.02281188964844,122.28448012252062,118.4509616836211,120.00377899794431,78644
2022-08-08,120.100830078125,123.01236535274622,119.20310374001662,121.79922565498737,76450
2022-08-10,118.8876953125,120.65887638293967,118.52375338807397,120.10083506058673,35326
2022-08-11,116.94666290283203,119.76114838718604,116.48567131418142,119.44572763380216,37550
2022-08-12,116.89813995361328,119.71262557276657,116.43714834288356,118.8876920476054,63630
2022-08-16,116.87388610839844,120.34346282069589,116.36436593412088,119.85820692222535,55738
2022-08-17,117.45618438720703,118.40243184938222,116.65550776196883,118.40243184938222,35732
2022-08-18,115.1512222290039,117.89291499933516,114.93285856308306,116.48567590391892,82262
2022-08-19,113.50135040283203,116.46141431168769,113.06462306093013,116.46141431168769,57880
2022-08-22,114.4476089477539,115.49090618895434,113.30725460134805,113.54988255552652,18366
2022-08-23,114.71449279785156,115.87911141065047,114.03513749369866,115.00564930215566,38022
2022-08-24,116.53419494628906,117.43192127316061,114.64170000324047,115.46663350650736,68544
2022-08-25,117.31061553955078,118.74211898458941,116.48568197837747,118.40244133050834,108358
2022-08-26,118.76637268066406,119.37294251049381,117.98996033671524,118.28111681680028,41322
2022-08-29,116.38862609863281,117.43192328172425,112.36100080271505,112.36100080271505,28800
2022-08-30,117.65028381347656,118.42669616468848,115.53942522857272,115.53942522857272,30488
2022-09-01,117.43192291259766,117.91717879240178,116.46141115298941,117.52897260767506,27604
2022-09-02,117.91718292236328,119.37295061276282,116.46141523196373,119.37295061276282,40120
2022-09-05,116.29156494140625,121.31396609970061,115.4181103090219,117.91717504890899,51686
2022-09-06,116.60699462890625,118.35391143191904,115.49090457440457,118.35391143191904,24040
2022-09-07,122.69695281982422,125.3173316228725,116.65551116074447,117.91717941668158,226130
2022-09-08,122.50283813476562,130.53382395171153,121.55659070596184,126.11799274473825,253734
2022-09-09,123.3277816772461,125.68127570924402,122.76974036462833,123.64320244889649,100148
2022-09-12,122.5513687133789,124.22549994661992,121.3382290654627,123.32777364539521,49364
2022-09-13,122.2116928100586,123.49761789315177,121.3139664962198,121.3139664962198,43732
2022-09-14,125.41438293457031,126.65177945397804,119.37294155432413,119.37294155432413,87520
2022-09-15,126.11799621582031,128.59280408642005,124.2497581758169,125.46289783700954,89064
2022-09-16,124.39641571044922,127.83957478909105,122.77321814919671,127.3722979207219,46052
2022-09-19,124.81452178955078,127.39689120588632,113.18156542101683,122.96997220645397,84468
2022-09-20,123.87995147705078,129.85628905047258,123.0683451671905,129.85628905047258,65638
2022-09-21,125.45396423339844,127.47066722746665,120.9778543468109,123.87995012679876,71820
2022-09-22,121.7648696899414,125.06046349025796,121.27298979420785,124.7653325506212,44388
2022-09-23,123.65859985351562,124.17507523288955,121.24839142375917,124.17507523288955,64766
2022-09-26,114.63261413574219,123.36348250847304,110.18109946432189,123.36348250847304,108188
2022-09-27,116.30499267578125,118.05116769909526,114.26369423651417,115.09988850661787,58626
2022-09-28,118.27251434326172,120.1908503574444,115.86230595998363,116.0344594127942,34680
2022-09-29,119.94490814208984,120.80569790626788,118.05116765870173,120.48597149056422,23542
2022-09-30,119.13330841064453,121.9862132870034,117.633073238073,118.05117414871296,32720
2022-10-03,119.15790557861328,121.49433509976257,118.00198481332173,119.52681550300528,34908
2022-10-04,119.77275848388672,121.93702709289781,117.5592988815151,119.08412960979005,49208
2022-10-06,120.53517150878906,123.16672448168727,118.76440085906052,121.46974032056755,53466
2022-10-07,123.24050903320312,123.85535890115416,119.20709540054267,121.39595942935003,54714
2022-10-10,122.2321548461914,123.4372590970978,120.04329079773017,123.24051013978347,69442
2022-10-11,122.99456787109375,124.96208742910207,121.5189282025875,122.47809248601827,67556
2022-10-12,123.87995147705078,127.37230164689262,120.11706587058886,123.46185057450234,77192
2022-10-13,123.24050903320312,124.69155322046926,121.61730388071409,124.10129884833458,15834
2022-10-14,125.06046295166016,126.38854466881439,122.9945688995747,123.70779324421841,84718
2022-10-17,124.42101287841797,125.92124799824532,123.51103961297541,125.92124799824532,17724
2022-10-18,124.83911895751953,125.69990877449644,122.9945693497119,125.42937333091967,37954
2022-10-19,122.87159729003906,124.8883003237124,122.28134292665885,124.07670151225103,45422
2022-10-20,123.11753845214844,124.32264268628813,122.05999218119568,124.32264268628813,12248
2022-10-21,125.28180694580078,126.16719225217753,118.05117403712518,118.05117403712518,73544
2022-10-24,132.78298950195312,133.7913373266761,123.09294913970844,126.90501849368542,309804
2022-10-25,130.544921875,135.24238390561865,128.62659327576083,130.84005281587906,141832
2022-10-27,128.11012268066406,132.41407169551286,126.19177911097371,130.5449191167602,98324
2022-10-28,127.91336059570312,130.34817207854465,127.79039062204411,130.34817207854465,39722
2022-10-31,128.89710998535156,131.3073332833939,128.03632023918843,129.85628170689756,61482
2022-11-01,127.39688873291016,130.3235800190052,126.92959684320333,128.8971163603139,37514
2022-11-02,124.96208953857422,129.807102028663,124.29804867434021,129.807102028663,79730
2022-11-03,125.6261215209961,127.00339422635231,124.47020827711205,124.91289717809036,37804
2022-11-04,129.0200958251953,132.63541620614723,125.67531840434594,127.37231011713472,88486
2022-11-07,128.5036163330078,130.22519588196678,126.43771486986411,127.8887664940939,53250
2022-11-09,127.88876342773438,129.83169487651008,125.69989955478097,127.64282349806565,52858
2022-11-10,125.38018035888672,127.5936398532958,124.44561157455502,125.42937134984794,40824
2022-11-11,126.240966796875,128.40523524262673,125.45396350091585,127.8395763891095,61190
2022-11-14,125.33099365234375,128.9217182409777,123.95372850123182,125.69990355859743,75952
2022-11-15,126.21637725830078,127.37229795146312,124.98667758706048,125.33099199390954,33634
2022-11-16,125.06046295166016,127.88877233994745,124.93749297825636,124.96208847403543,32474
2022-11-17,123.63401794433594,127.3968962403583,122.96997706598292,127.3968962403583,37796
2022-11-18,123.95372772216797,125.92124720982143,122.96996797834124,125.92124720982143,33266
2022-11-21,123.24050903320312,125.30640308842028,122.72403364302595,123.95373337892802,42314
2022-11-22,123.92913818359375,124.49480456677516,123.01916488011481,123.24050933201555,12602
2022-11-23,123.06834411621094,124.8882981658083,122.96996964159592,124.8882981658083,37920
2022-11-24,123.31428527832031,124.88829940424293,123.1913153074593,124.71614594833235,26572
2022-11-25,122.99456787109375,124.93749193352868,122.7732234219161,124.93749193352868,70196
2022-11-28,124.69155883789062,126.4131385457116,122.84700915093958,125.92125862919133,180088
2022-11-29,127.24933624267578,128.13471405903587,123.70779495526881,123.70779495526881,77492
2022-11-30,128.4298553466797,129.33983623795086,126.95421552655924,127.37231647779026,61846
2022-12-01,127.79039001464844,129.38899966461722,126.9050122129051,129.3644116743955,57612
2022-12-02,127.66741180419922,128.3806436064054,125.6998998674465,127.88876374584447,51122
2022-12-05,129.90548706054688,131.13518683391254,126.68366464773867,126.68366464773867,151908
2022-12-06,130.84005737304688,131.7992292115661,129.0200956833892,129.9054885368647,83722
2022-12-07,131.28274536132812,132.31569617755034,130.15142756940796,131.82381626610965,73942
2022-12-08,130.91383361816406,132.3156943485893,129.63494286389923,132.3156943485893,42390
2022-12-09,130.3727569580078,131.77461762646672,126.9050097879624,131.77461762646672,32046
2022-12-12,136.250732421875,137.72637212319495,129.36441381571527,130.32358562596653,297520
2022-12-13,150.36767578125,154.84377039650585,136.74259796521537,137.08691986376508,1978516
2022-12-14,150.3430938720703,156.90969377684016,148.0558552565169,152.48277451667852,827548
2022-12-15,148.4739532470703,152.01547957843974,146.62940359188306,148.81826017611516,227986
2022-12-16,154.99136352539062,156.9096921831128,144.88322231076603,148.00666275924104,738932
2022-12-19,159.29530334472656,163.30412139484318,157.03265287742073,157.37697480041743,1063150
2022-12-20,155.97511291503906,161.2628216238472,153.39274354562113,159.54124204423525,275216
2022-12-21,147.21963500976562,162.81223246136463,145.15374861956406,158.2869317782874,494712
2022-12-22,139.47254943847656,151.30227087109793,137.9231306468274,147.2196584077067,366200
2022-12-23,132.78298950195312,139.25120740360117,129.14306611001388,135.31616807046365,410204
2022-12-26,136.98855590820312,141.75979707349273,130.3973680695743,130.42195606085554,271184
2022-12-27,137.03775024414062,145.59645794549667,136.25073936115734,138.6855509967341,285044
2022-12-28,136.61962890625,142.8419060324571,134.89804942408304,138.41498736402775,296182
2022-12-29,146.35885620117188,147.17047003364908,136.078569436619,137.1607112059332,343806
2022-12-30,150.933349609375,156.71293840727085,147.19505938470954,147.2688383671669,486220
2023-01-02,151.35145568847656,154.03219221577731,150.53984182080518,153.22059335908963,216108
2023-01-03,156.63916015625,162.22198501235135,152.48276899694008,152.48276899694008,364656
2023-01-04,150.95794677734375,157.2540188571767,150.02337791710616,155.01595618001957,244844
2023-01-05,153.1959991455078,154.9421667665792,151.2038765662048,152.38438531080115,160518
2023-01-06,149.43310546875,154.94216627399643,146.72776605761672,153.8600245051499,165696
2023-01-09,151.72035217285156,154.42569146261172,150.1955215709721,150.5152404848382,107810
2023-01-10,151.8187255859375,156.73752450342118,148.54772730800744,150.51524687500094,166680
2023-01-11,153.71246337890625,154.8929720954597,152.6549246330559,152.8762615737319,113392
2023-01-12,149.45770263671875,155.95050796343745,147.367213173343,154.94216022667274,127168
2023-01-13,159.46746826171875,163.79600534142315,150.12175023923515,151.0071280474982,1067592
2023-01-16,159.44285583496094,164.73056440352315,157.8442462677212,162.29576806923967,477462
2023-01-17,158.18858337402344,161.18905385217835,156.9096925951888,160.35285199382932,118898
2023-01-18,157.7704620361328,160.35283125106562,155.48322373367438,157.49993412277064,105304
2023-01-19,167.0424041748047,169.6985524280031,157.77046577183185,157.77046577183185,820720
2023-01-20,169.4034423828125,174.125492643128,167.90321462290797,170.68233318408312,836896
2023-01-23,163.45167541503906,169.5755858241023,162.5662976500821,169.5755858241023,199456
2023-01-24,161.09066772460938,162.81224737968154,156.88510057161213,162.81224737968154,238254
2023-01-25,156.95887756347656,163.08277325224216,153.88462821841858,160.35284583822394,245558
2023-01-27,150.51524353027344,160.79553003717072,148.54772400700188,156.90968198090596,210412
2023-01-30,157.27859497070312,158.8280136234173,148.89204884296032,151.4744182678116,373298
2023-01-31,156.4423828125,158.85260612517735,152.5319469484893,158.3853142557443,108778
2023-02-01,154.30271911621094,159.86095556691384,151.99087775438886,157.4015562504998,128404
2023-02-02,157.86886596679688,162.14821225440474,151.74495497243007,151.74495497243007,193152
2023-02-03,155.82754516601562,160.30365522519054,153.46652766782694,159.19692545835525,88066
2023-02-06,161.41036987304688,163.45166824958665,153.9583931432306,156.3686014074938,212458
2023-02-07,157.79505920410156,161.8284802169412,156.8850934365918,158.18857211395422,144694
2023-02-08,168.14913940429688,169.64936702876562,156.71293223346512,159.36908057417148,584152
2023-02-09,165.29623413085938,169.52640426640872,163.27953855281504,168.71480543488073,188696
2023-02-10,168.37046813964844,171.6660691681869,163.3041116442351,163.8451824862166,252530
2023-02-13,167.3621368408203,170.95285412500297,163.353318637278,170.04288831408203,185150
2023-02-14,168.8623504638672,170.510151002238,165.27163347898446,169.0591144172707,98064
2023-02-15,169.28045654296875,174.56816521683342,164.92731663252087,164.92731663252087,221326
2023-02-16,170.7069091796875,171.1742010778276,166.77187007445008,169.15749053419685,56598
2023-02-17,173.46144104003906,176.83082130493045,168.71480308092114,171.17420254274214,371054
2023-02-20,168.91156005859375,174.66656107699788,167.82943325058372,174.66656107699788,250664
2023-02-21,161.2382354736328,169.20669636498207,160.3528576016981,166.99323667416107,129366
2023-02-22,161.75469970703125,166.23080956650006,158.9017874287737,160.05770813587017,114124
2023-02-23,165.86190795898438,167.21457768133052,162.36955767363946,162.36955767363946,103374
2023-02-24,160.27906799316406,167.2145775670122,159.46746916250788,167.2145775670122,68302
2023-02-27,163.62384033203125,168.22292024742495,158.92639344647435,158.92639344647435,178924
2023-02-28,162.04983520507812,164.87814456280748,156.8113023858887,163.32871090587375,189264
2023-03-01,165.66513061523438,166.74727231013543,162.81223343555996,162.81223343555996,60738
2023-03-02,163.2549285888672,168.0999483918229,162.32035982238935,165.763518970137,67146
2023-03-03,164.65679931640625,167.48510878935423,162.81224966013582,162.81224966013582,159840
2023-03-06,169.354248046875,173.14172938148852,164.87815284722004,165.22245977974075,200298
2023-03-08,183.4466094970703,185.6846569740867,171.6660802224007,172.40390005143678,1528764
2023-03-09,179.24102783203125,187.0865180345746,177.07675933128982,187.0865180345746,503452
2023-03-10,178.94589233398438,183.86469107885458,176.09299506635267,179.2410232608731,580986
2023-03-13,174.86329650878906,181.4544838672614,173.63359681463444,181.4544838672614,314924
2023-03-14,176.5356903076172,177.2981131471137,172.64984216145066,177.2981131471137,255086
2023-03-15,174.22386169433594,180.02803834703292,172.89577999721877,179.68371642230392,264064
2023-03-16,180.8888397216797,182.48744945409425,168.02618287690996,176.68327243002872,387552
2023-03-17,179.8066864013672,184.9468372167033,177.12595002808715,181.99555789941547,453042
2023-03-20,187.62759399414062,189.8656415363546,178.4048458625172,180.9626123377641,283216
2023-03-21,183.6925506591797,190.25913517239468,182.38905694377883,189.86563726535707,168626
2023-03-22,194.2925567626953,196.2600763248492,183.3728171883481,185.53710071550375,647854
2023-03-23,186.8159637451172,195.7681831498288,185.90599801815605,193.3087838640269,355306
2023-03-24,190.9231719970703,198.5473101201893,187.65217380450932,188.07027470378011,599330
2023-03-27,187.45542907714844,195.25172833567666,185.93059841598478,192.6201679220369,193936
2023-03-28,186.52085876464844,191.31668765286705,184.8484551435603,187.8981164409745,192814
2023-03-29,197.07168579101562,200.19512626690988,185.56169873265787,185.56169873265787,832828
2023-03-31,195.37469482421875,199.9245837254861,193.9482311599001,199.60484979390816,180372
2023-04-03,193.7760772705078,197.784895135982,191.1199140119772,196.43222551805633,203994
2023-04-05,205.9009246826172,208.31113313821817,194.39093827410704,196.75195573857678,898192
2023-04-06,203.66285705566406,207.54872009252512,202.21182042518763,206.0976684510661,404512
2023-04-10,203.44151306152344,206.68792313913463,202.82666323663426,203.63826200329154,128786
2023-04-11,209.2703094482422,210.99188909815047,204.00718851412933,205.01553630468229,464612
2023-04-12,201.49859619140625,212.29536590213317,199.75242856675692,209.73758444111417,240250
2023-04-13,202.1626434326172,203.63828316570198,196.85034639790535,201.17888361056066,363260
2023-04-17,198.25218200683594,204.54825355292132,197.8094931117242,202.33479406637986,120704
2023-04-18,193.97283935546875,200.0475590533999,191.98071677659348,199.063799264617,156038
2023-04-19,195.96495056152344,200.29350271911932,193.97284295664704,193.97284295664704,249406
2023-04-20,191.41505432128906,196.75195407784722,189.9640176665546,196.65357209641516,106782
2023-04-21,189.27537536621094,194.2433652494967,186.9389458924314,194.2433652494967,91296
2023-04-24,192.0791015625,193.87446020102837,189.42295309622676,190.82481381789364,67134
2023-04-25,190.23455810546875,193.80068750757516,189.0540493055889,193.80068750757516,51206
2023-04-26,188.26702880859375,190.97236821668588,187.43082698715386,187.43082698715386,34220
2023-04-27,180.47071838378906,189.8656267511322,176.28973955636775,186.4716587051866,181852
2023-04-28,180.42153930664062,184.9468403406454,174.07629166949062,174.88789049325695,414224
2023-05-02,177.24893188476562,183.10229992101083,175.15844222817918,180.4953423536613,260206
2023-05-03,186.05355834960938,186.3978802584166,177.7407916595166,178.82291835251525,374136
2023-05-04,186.2011260986328,190.5542661213334,184.6517074494636,186.9143579425436,301972
2023-05-05,180.49533081054688,186.76679937923052,179.8066869589247,186.32409547147827,103838
2023-05-08,186.34869384765625,191.78396046789655,179.56074255871926,180.49532633101688,216756
2023-05-09,196.33384704589844,197.4897677422275,189.07861896570452,189.15239794398462,463178
2023-05-10,193.11204528808594,198.7440609482651,192.37422546274504,197.14545132669315,259024
2023-05-11,194.85821533203125,195.76819613031094,190.33292935269424,194.29255646098702,156652
2023-05-12,190.84939575195312,196.26007449749818,190.23454589450483,196.26007449749818,136904
2023-05-15,204.91717529296875,206.29443304857085,189.521324969285,190.84940674224566,485518
2023-05-16,205.9009246826172,208.9997619811066,199.8016170569179,208.4341031105548,424258
2023-05-17,198.59649658203125,206.3190165092425,197.2930179348348,206.3190165092425,136254
2023-05-18,202.35939025878906,204.91717177353036,198.59651198133932,199.06380389627705,136550
2023-05-19,199.03919982910156,204.17935082197152,197.98166103941068,204.10557183868767,78350
2023-05-22,193.3579864501953,203.0972022017685,191.78396480847425,203.0972022017685,127916
2023-05-23,196.60440063476562,198.44895024663427,191.36586772827215,194.3417501086768,123472
2023-05-24,198.9654083251953,200.66239988885138,194.5139014857242,197.24382877231972,83970
2023-05-25,203.71205139160156,209.14733312800286,198.57191559941015,200.39186216750852,568286
2023-05-26,210.52459716796875,221.34595496632227,206.58955796856748,209.54083736811842,219589
2023-05-29,207.6225128173828,212.83644286066215,205.11392227655202,208.55708164330468,63924
2023-05-30,208.26194763183594,210.52459818461492,204.6220393570089,206.58955896621092,35098
2023-05-31,204.57284545898438,208.31113566556903,201.76913906228324,208.26194467384096,31953
2023-06-01,206.8846893310547,208.50788699971233,204.42528982643205,204.57284779231608,59886
2023-06-02,205.21229553222656,210.18027039839495,202.6545141070646,206.88468415130188,31926
2023-06-05,206.5895538330078,211.95104163266785,203.73665647494516,207.57331361316497,49005
2023-06-06,210.08189392089844,211.26240259794545,205.26146222406493,208.6062543218441,36316
2023-06-07,212.5413055419922,218.93574417429338,209.54083518156193,211.4099727773798,57494
2023-06-08,211.16403198242188,215.44339305433266,209.73758329544597,214.26288431376582,39480
2023-06-09,204.86798095703125,211.0164797852735,201.86751052665235,210.47540888619147,78373
2023-06-12,197.53895568847656,206.8846730715426,195.17792334300745,205.60578242745294,123946
2023-06-13,198.42434692382812,199.70323765484892,193.25960801896133,197.24383817634092,84403
2023-06-14,195.62063598632812,201.57237057744484,193.45635248666807,198.4243423201886,71913
2023-06-15,192.27584838867188,197.14545635800144,191.93154146798213,194.88282084466468,51642
2023-06-16,192.27584838867188,196.1125205849491,191.93154146798213,194.1941769813189,33807
2023-06-19,188.5375518798828,195.27631223599667,186.96354527147193,195.27631223599667,75600
2023-06-20,196.1616973876953,198.32598094845076,187.89812110275287,187.89812110275287,82059
2023-06-21,192.37423706054688,197.39140316874872,191.83316615381375,194.7844456331032,43791
2023-06-22,189.42294311523438,193.7022890268049,187.94730348828264,190.3083208870124,49378
2023-06-23,185.63546752929688,191.29208626568314,184.70089874026445,187.89811802604797,45591
2023-06-26,184.11062622070312,188.43917801003576,182.97930854324258,185.0943859440539,38756
2023-06-27,189.32456970214844,190.50507845492822,182.684191080406,182.684191080406,56626
2023-06-28,192.6201629638672,194.78443142191415,190.8493924032896,190.8493924032896,44600
2023-06-30,185.43870544433594,195.7189914177009,184.79926763685168,195.7189914177009,99766
2023-07-03,187.79974365234375,191.78397392593797,184.94684617845255,186.8651748254472,114293
2023-07-04,187.11109924316406,189.37374964370085,183.07769332227724,187.8981100360876,273040
2023-07-05,185.3895263671875,189.96401832186763,181.99555814983313,185.24196840551323,46611
2023-07-06,188.04566955566406,190.20995300694088,184.84845037925714,184.9468323583088,189254
2023-07-07,186.7667999267578,189.86563722421056,185.4387182215735,188.04567562984437,146437
2023-07-10,186.8159637451172,189.81643387599186,186.42246586378167,186.76678776818673,41842
2023-07-11,187.9473114013672,193.800679165855,186.42248072045444,186.96355160864712,146588
2023-07-12,185.48789978027344,189.81643658056652,183.76632025568242,188.685118897371,79595
2023-07-13,183.22525024414062,188.29160686394812,181.99555057807257,186.42246937591756,62537
2023-07-14,184.94683837890625,186.42247804682304,182.83176085928534,184.45495848960064,46969
2023-07-17,187.50462341308594,187.8489303356305,185.24197287657663,185.78304376741326,34842
2023-07-18,184.2090301513672,188.39000947389488,183.47121027092112,187.55380760499577,41551
2023-07-19,188.5375518798828,191.39046418866076,183.4711951234931,183.7663260535022,184122
2023-07-20,187.40623474121094,192.3742245436338,186.2257260285022,189.81644315694598,68378
2023-07-21,185.537109375,189.81645561582303,184.9468474744116,186.1273562646047,67605
2023-07-24,184.35658264160156,187.20949510109122,183.81552675414872,185.53710642400193,46240
2023-07-25,184.55332946777344,189.4721280675437,183.47118777143115,184.848445374974,58914
2023-07-26,190.2099609375,190.89858978662573,184.70090012252803,184.94684006942887,85782
2023-07-27,183.2744598388672,191.83316738137808,182.8809468991869,191.83316738137808,150958
2023-07-28,181.6512451171875,185.0944044939843,181.01180723731866,185.0944044939843,52061
2023-07-31,182.48744201660156,183.52039280379782,182.2415020677921,182.48744201660156,55385
2023-08-01,182.0939483642578,185.14359479427264,181.60206845512798,184.94684583281742,41049
2023-08-02,185.14358520507812,188.6851263717783,181.01179718458312,182.33987887484136,128737
2023-08-03,184.94683837890625,188.38999760404545,177.71619800172073,181.01179926446144,475516
2023-08-04,184.60250854492188,186.07814814963263,180.7166605880467,184.94683045708064,120607
2023-08-07,182.48744201660156,186.373290205594,178.69996080054295,185.83221931601662,306793
2023-08-08,181.9955596923828,186.6684186574575,180.02804012814082,180.76585996473156,266069
2023-08-09,180.3231658935547,183.61875206255735,179.0442752112776,183.47119410386415,69498
2023-08-10,179.48696899414062,181.45448855562418,178.20807827697973,179.53615998537433,53502
2023-08-11,179.04428100585938,180.81505162239964,177.51945033575572,180.02804079160586,32408
2023-08-14,175.99461364746094,178.5523950073309,175.5027337714077,178.10970612107945,247685
2023-08-16,173.092529296875,176.48649751622884,171.96121156075134,175.10923983651458,43644
2023-08-17,182.8809356689453,186.42247685367207,174.12547969973593,174.12547969973593,184049
2023-08-18,185.19277954101562,189.8656385201382,182.2415001857803,182.88093804168807,275066
2023-08-21,192.37423706054688,194.29256571988827,184.5533494426266,186.57004507802077,236398
2023-08-22,213.7218017578125,219.08328929453472,191.78395673398558,191.78395673398558,1333471
2023-08-23,215.00070190429688,218.39467012704765,211.55754269058215,215.39419981004252,355151
2023-08-24,208.60626220703125,216.37795838475648,205.90092283983816,216.37795838475648,173050
2023-08-25,204.52365112304688,212.14778937575326,203.29395140486844,208.3603232503534,132431
2023-08-28,208.21275329589844,214.95151385359665,198.27678843557146,205.2122979488338,260231
2023-08-29,209.83596801757812,211.06566776567578,206.24523574654307,208.26194633561985,110018
2023-08-30,217.8535919189453,219.230864564684,208.6062563461934,210.52458484138336,295708
2023-08-31,214.06613159179688,221.6410788056987,212.98398984224684,219.37842833635585,236885
2023-09-01,212.93479919433594,215.49258060048922,208.50788022975107,215.44338960979726,158929
2023-09-04,217.2633514404297,219.67355987730167,211.0164708898793,219.67355987730167,123746
2023-09-05,210.13108825683594,219.5751728346259,209.09813751884792,218.39466413877497,120371
2023-09-06,223.7069549560547,230.19977513080352,210.42619869850833,211.31159145560068,334731
2023-09-07,220.06704711914062,225.92041447108795,215.04988153646383,225.2809766552802,142991
2023-09-08,216.23040771484375,223.3626662870307,215.04989895336809,223.3626662870307,102903
2023-09-11,212.98399353027344,218.88655224242882,207.5733147107977,218.88655224242882,131057
2023-09-12,204.6712188720703,216.37795388594935,199.80161111456542,214.4104343870801,210852
2023-09-13,206.29443359375,208.55708420763332,200.29350763021495,204.67123587671617,62952
2023-09-14,211.11485290527344,214.95151000858502,205.7533501434126,205.7533501434126,134789
2023-09-15,210.37008666992188,214.39178248522742,207.5399898385183,212.85262243354052,78121
2023-09-18,203.4686279296875,211.9589033887228,202.57492110334528,210.0225284968506,104874
2023-09-20,204.95816040039062,208.5330182018729,202.27702462537732,203.4190002449438,83363
2023-09-21,199.64553833007812,206.44767754416947,198.60287023092647,204.56095633785426,54950
2023-09-22,199.7944793701172,203.36933700476305,195.42522239639104,203.0714296765099,90133
2023-09-25,199.9930877685547,203.7665453995494,197.11335216058853,201.5819168191409,62270
2023-09-26,209.8735809326172,213.2001697869837,198.45391634295552,198.80146226088854,264856
2023-09-27,208.38406372070312,216.4771244691054,204.11409906082739,212.30646730335087,89070
2023-09-28,205.0078125,211.7603132083613,203.1707450171775,210.71764509530166,146690
2023-09-29,203.8658447265625,207.04348754818167,203.56793739749278,204.75955156157545,39306
2023-10-03,201.38331604003906,204.80921256523638,199.2483260662228,203.8658519499207,72802
2023-10-04,198.65252685546875,205.45466616805697,196.5175368782531,204.2630519598558,167828
2023-10-05,205.05746459960938,208.53301484706037,202.12807527862572,207.49034674238575,174192
2023-10-06,205.20640563964844,209.62533153864882,202.67423121489517,205.55396671671463,109219
2023-10-09,203.4686279296875,205.35536422735981,196.61683518854102,204.41200365462169,123608
2023-10-10,209.62533569335938,214.19319261961328,203.9155031713946,205.50431704271034,194086
2023-10-11,202.47561645507812,211.8596140244849,200.58889528309584,211.3631068579426,142043
2023-10-12,202.47561645507812,206.54698128160362,200.2909879527312,203.2203772048916,85476
2023-10-13,204.95816040039062,208.5330182018729,200.8371568158514,202.02877103227988,60930
2023-10-16,201.53225708007812,204.90851492417127,200.6882039832021,203.56793950557312,69339
2023-10-17,200.09239196777344,204.56095655266168,199.1986851116744,203.17074252046393,114953
2023-10-18,199.2979736328125,206.00082038157657,197.60985229689635,201.3336560462097,193657
2023-10-19,219.05897521972656,227.00309014842458,202.8231842733213,202.8231842733213,3570788
2023-10-20,217.32119750976562,222.93172255094873,215.48411489334467,222.33590787746178,279985
2023-10-23,204.11410522460938,218.1652523918869,200.2909938684373,217.37083787151647,263805
2023-10-25,203.71688842773438,209.37708236077648,199.1490314959101,204.16375700827726,161994
2023-10-26,205.20640563964844,208.48335596557155,196.41823789307767,205.75256655266833,127398
2023-10-27,212.2071533203125,214.19318192443745,203.71687800723916,207.39104304662695,105582
2023-10-30,212.45541381835938,214.68969607080058,208.7316100642907,214.5904037286765,44826
2023-10-31,212.9022674560547,218.11559271708035,211.7603070311847,212.4554140355489,58266
2023-11-01,211.21414184570312,219.45616369359402,210.56868860160034,211.56170291695597,50859
2023-11-02,214.44143676757812,215.6827046524937,212.7036617286963,213.34913012016992,65823
2023-11-03,223.32891845703125,225.21565478971866,212.80297557018164,216.278525751652,427314
2023-11-06,215.03726196289062,225.1660053702763,213.59739417618817,225.1660053702763,182320
2023-11-07,214.5904083251953,217.42049014759,209.62533654675207,215.48411518443646,219838
2023-11-08,205.85186767578125,218.7113998462933,204.95814571335524,214.59039655705982,202694
2023-11-09,208.4833526611328,209.327420890803,206.79523135398844,206.94417744054388,53970
2023-11-10,206.2490692138672,208.73160498955696,205.10710881792826,208.53300515794098,75245
2023-11-13,208.9798583984375,210.37008752301912,206.10012296184024,206.10012296184024,39697
2023-11-15,210.12184143066406,213.3987766469045,208.53301241802907,212.90226947448065,89010
2023-11-16,210.61834716796875,211.71065384854063,208.88057207632608,210.91623934763615,61536
2023-11-17,212.55471801757812,217.12257479377203,206.94417802377356,210.61834312592006,228868
2023-11-20,209.3770751953125,214.2924930432961,207.98684605757228,214.19318555053036,80543
2023-11-21,211.7602996826172,218.41349246870107,209.92321716493777,211.015538956887,186531
2023-11-22,217.02328491210938,220.20092773855114,211.3134525130263,213.29948117357694,416159
2023-11-23,219.257568359375,223.2792794495162,213.64702827118907,218.31420777087183,296877
2023-11-24,221.88905334472656,224.12333563089405,214.8882991509625,220.4491855685246,192988
2023-11-28,217.61907958984375,223.4282193539241,215.98061204212664,220.84637609162266,144853
2023-11-29,222.6834716796875,228.09539694648026,215.98062470605143,218.26456077935939,446009
2023-11-30,219.3568572998047,225.46390446114586,217.07293648480476,224.42123639436116,208418
2023-12-01,220.54849243164062,224.1233349879353,216.42747380210275,219.4561705895471,221859
2023-12-04,221.5911407470703,224.91774479946403,217.47013735577318,221.6904482405313,157556
2023-12-05,230.37933349609375,232.36536223312905,220.30024371651837,221.44220417943492,480309
2023-12-06,234.40103149414062,242.29549224801164,232.2660416309656,236.13880654100134,1035692
2023-12-07,234.8975372314453,237.82692640516157,227.94643708599173,233.8548691791881,336571
2023-12-08,227.94644165039062,235.7912487678943,226.25832032598814,234.0038199499756,146106
2023-12-11,230.7268829345703,234.84788629493494,226.70517191472524,229.0884002179392,195352
2023-12-12,229.9821319580078,234.15278924176513,227.20168871810407,231.8191994336574,155834
2023-12-13,231.223388671875,235.9402066551356,227.8471309188551,232.96116371833944,164357
2023-12-14,226.25831604003906,233.20941619300868,223.22961937152027,232.3653479706983,143572
2023-12-15,226.2086639404297,233.6066175552031,223.4282208285683,226.40726377294922,260391
2023-12-18,225.8114471435547,230.62757258896028,225.0666864139886,227.30096860268682,139474
2023-12-19,225.9107666015625,230.3296774672856,224.91775224287431,226.4569275292803,79339
2023-12-20,214.04425048828125,228.69121244607837,210.56870019321073,226.45693011353302,244422
2023-12-21,221.39254760742188,222.7331230487047,210.27078985228576,214.0442474349739,163156
2023-12-22,219.65476989746094,226.40727046817926,218.46315571490982,223.72613476939011,127998
2023-12-26,217.71839904785156,221.1442955691344,212.5547273916372,217.66874529927134,145842
2023-12-27,217.76805114746094,224.42124429752343,215.98062227748383,217.7183973992567,102433
2023-12-28,219.9526824951172,223.42823278285042,217.6190926696176,218.86036062952232,109483
2023-12-29,217.07293701171875,220.94568680952412,214.4910937117178,219.95267248678468,82395
2024-01-01,223.22962951660156,224.37158996132388,217.27154340042287,217.47014324052284,97660
2024-01-02,221.74009704589844,225.0666858719647,217.4701325095637,220.99533631812594,67188
2024-01-03,221.09463500976562,222.23661058314596,218.46315309023896,220.44918175469567,56912
2024-01-04,221.09463500976562,223.42822475138075,219.0093140034038,222.83241009116523,63002
2024-01-05,218.8603515625,223.87507694320266,216.47712323909482,220.4491805462342,86879
2024-01-08,217.4701385498047,221.98835678755722,215.4841098872494,218.4134991340792,115520
2024-01-09,218.71141052246094,220.15127829909346,216.57643573147442,218.56246443088384,63918
2024-01-10,219.7540740966797,220.94568826135787,216.77503110888608,219.40651302055863,61537
2024-01-11,217.17222595214844,221.54149799510463,216.47711896755416,221.39253675770854,65858
2024-01-12,218.21490478515625,221.74010878027045,217.0729443363515,217.61909011052975,112497
2024-01-15,218.5624542236328,220.89602874513892,216.27851829553651,218.46314673242156,113540
2024-01-16,213.94493103027344,221.44219213524678,212.50506330467627,216.4771205627076,201473
2024-01-17,208.8805694580078,215.0372552464999,206.5966334786102,213.398772517886,152077
2024-01-18,206.99383544921875,210.7176392117456,202.12807126039556,209.42671754363036,84224
2024-01-19,207.7882537841797,212.05821854112784,205.8022250741756,208.93021423155344,79185
2024-01-23,211.21414184570312,215.2855065995396,206.54697759397087,215.2855065995396,108716
2024-01-24,210.22113037109375,212.505066357714,206.3483805497522,208.53300904261656,58561
2024-01-25,211.66099548339844,213.6966778624924,208.63231394008346,209.72462059682454,75210
2024-01-29,211.0155487060547,213.74633815989776,208.53301283892463,211.8099632139756,75637
2024-01-30,212.40576171875,214.64004398852168,210.22113319652362,211.01554770065948,55102
2024-01-31,214.1931915283203,215.48411320932237,210.37009538527926,213.44843076838026,62957
2024-02-01,211.31344604492188,215.13654200814278,210.51903157457866,214.19318145369584,46961
2024-02-02,213.34913635253906,217.96664695843373,210.51903943138018,211.76030735255577,163792
2024-02-05,215.93096923828125,220.4491876001654,213.05123365933792,213.34914099734505,104430
2024-02-06,220.00233459472656,220.69744161662305,210.61835191863233,216.67573042624076,118739
2024-02-07,214.64004516601562,221.9387066815214,213.49808472719064,220.84638483831768,74028
2024-02-08,218.46315002441406,219.50581808906068,213.6470245198156,215.28550723631633,102536
2024-02-09,213.69668579101562,219.45617207036034,210.76729647933928,218.46315771710078,97896
2024-02-12,209.02951049804688,214.64003524151045,208.2847497718068,213.64702093985701,120785
2024-02-13,213.89527893066406,214.49109358483372,207.04348616869365,210.32043646223448,71678
2024-02-14,211.859619140625,213.44843302061048,210.51904369770907,213.44843302061048,15890
2024-02-15,210.12184143066406,213.94493756701007,208.63231991339242,211.85961653414765,24912
2024-02-16,210.17147827148438,213.4484286125629,209.52602501360062,210.7176391870302,64068
2024-02-19,211.41275024414062,214.2925009666683,209.3274291887205,210.81695072210482,67880
2024-02-20,211.51205444335938,213.89528279874403,210.5190401032497,212.30646894588637,48367
2024-02-21,210.91624450683594,212.10787386343912,208.53301609802293,211.51205918513753,20205
2024-02-22,208.43370056152344,211.16448995271736,207.04348656870314,208.63231554809443,49001
2024-02-23,207.39105224609375,211.51205572157448,206.79523757754876,208.48335893549762,66668
2024-02-26,208.38406372070312,210.66798456352845,205.65327430652863,207.39104938827603,54106
2024-02-27,206.05047607421875,209.3770801825606,205.0574617316924,209.3770801825606,32312
2024-02-28,201.53225708007812,207.5896506091713,201.03574991055234,207.44068936699574,58358
2024-02-29,203.31968688964844,205.65327665841795,200.1420440199809,202.6742336270678,42219
2024-03-01,208.33441162109375,209.52602579898996,204.0644469274523,204.31270051252218,63109
2024-03-04,205.40501403808594,208.68194910668365,203.66723901289808,208.68194910668365,45050
2024-03-05,205.20640563964844,207.0931419616993,203.66724554686,205.75256655266833,30449
2024-03-06,197.75880432128906,204.61061251698547,192.64478641295779,204.61061251698547,164023
2024-03-07,195.1273193359375,201.53225884858625,193.63779781428914,198.60286955311705,113690
2024-03-11,189.06993103027344,196.46790024934757,186.83564868544627,196.46790024934757,89311
2024-03-12,192.89303588867188,196.61683967030646,184.10485290313568,190.31119253919334,230282
2024-03-13,190.65875244140625,194.3329024528066,184.75032017483318,193.63779544830322,181292
2024-03-14,194.6804656982422,195.57417254938107,187.87831136256406,192.54547576154928,80841
2024-03-15,200.2413330078125,200.88680141177412,191.80071122708412,193.63779379317995,42164
2024-03-18,194.53150939941406,200.58890312904106,190.75806690785294,198.60287438518918,62366
2024-03-19,192.04896545410156,195.47487701601716,190.65875145230697,194.63080877423005,54531
2024-03-20,204.3623504638672,207.09313984891057,189.81468155768212,192.297217362267,200515
2024-03-21,205.35536193847656,208.13580503150038,202.4756113537678,205.7525616008246,94258
2024-03-22,206.94418334960938,209.12882702944268,204.7595548219725,205.3553694895991,151234
2024-03-26,212.2071533203125,215.88130320750452,203.36933209283475,206.9938282344845,128816
2024-03-27,215.0869140625,216.27852825090625,212.4057631983403,212.4057631983403,64773
2024-03-28,210.61834716796875,215.73236494821003,209.97287875689796,215.08691168933558,71022
2024-04-01,214.1931915283203,215.18620587490705,210.37009538527926,211.5120558229754,48999
2024-04-02,216.2785186767578,218.61209320237717,214.49108989717553,216.2785186767578,72696
2024-04-03,222.88206481933594,227.25133699169186,216.67572521558859,216.67572521558859,153405
2024-04-04,221.29324340820312,225.96040760025636,219.55546837855172,224.8680858064543,97398
2024-04-05,224.71914672851562,225.41425373160996,218.46315339627398,221.29325030796784,49219
2024-04-08,222.48486328125,224.91774535509322,220.3498733841334,224.71914551987675,57086
2024-04-09,223.37857055664062,226.40726729430634,220.59812740153447,221.39254189616426,78630
2024-04-10,225.16600036621094,234.0534756302704,218.2645537713132,222.43521094611356,317928
2024-04-12,226.1590118408203,231.07442970439672,223.52752994833682,225.16599751879693,89938
2024-04-15,220.94569396972656,224.8680976412217,217.12258264240546,224.37159046376166,82836
2024-04-16,223.37857055664062,226.10935996479563,220.10162023641536,220.69743489543677,47336
2024-04-18,234.00381469726562,237.23111118554897,222.28625803079356,222.28625803079356,251545
2024-04-19,245.07594299316406,249.24660020520227,229.53525942690035,234.20243896285845,495967
2024-04-22,247.21092224121094,250.388565167266,236.98287128830523,248.99835112217835,275745
2024-04-23,258.5809326171875,264.9362184439418,248.40253545340033,249.74311089682655,549726
2024-04-24,265.4823913574219,269.7523409217509,254.75781824229068,258.5809295337348,346532
2024-04-25,290.20843505859375,311.806496521466,264.2411166480189,264.9858773881179,2058873
2024-04-26,296.6134033203125,311.70720350466013,283.9028012496901,290.0098335412423,942696
2024-04-29,289.9601745605469,299.79101003442685,287.9245073746009,296.6133824684529,213942
2024-04-30,295.22314453125,304.8553955347228,291.0028336810136,292.8895851281623,224996
2024-05-02,294.4783935546875,326.7017213540729,292.2441112657919,297.3084905148339,1021882
2024-05-03,282.7608337402344,298.9966242845294,279.08666855495187,295.27282050392927,261647
2024-05-06,272.7810363769531,291.74758498846126,271.142538562195,285.0447385606397,182748
2024-05-07,262.7515869140625,276.05797232496303,260.2690511917157,273.3768216230721,197391
2024-05-08,267.6669921875,273.07893223908576,260.71589209414145,262.7515895898313,113759
2024-05-09,277.6468200683594,283.108399027734,266.22715497148516,267.66700760541164,534745
2024-05-10,276.70343017578125,283.7041992124211,269.20618429076677,279.0370198546612,135516
2024-05-13,295.9678955078125,297.5567244246119,270.19919299597535,279.63282870300736,525860
2024-05-14,302.2735595703125,307.58619235959736,293.9322451604223,295.96791243926947,1585506
2024-05-15,304.35888671875,306.7421150073822,299.3441765634115,302.86936525030586,156852
2024-05-16,313.6435852050781,318.7576029928386,303.2169346398918,304.50784115953877,379300
2024-05-17,314.4876403808594,316.771561145102,310.8631139486954,313.24637250803374,104883
2024-05-21,310.4659118652344,320.99186940545627,307.8344300562767,312.60088652894,169389
2024-05-22,332.1632995605469,337.8234934685376,307.04004866621483,311.6078904256258,324414
2024-05-23,331.26959228515625,336.5822251035285,323.27580860760014,334.64583500474095,196115
2024-05-24,323.8716125488281,330.27656699783495,320.7436235196542,327.8436698060375,120561
2024-05-27,312.005126953125,321.68701705371643,308.8771074463421,319.8499344096486,123916
2024-05-28,311.11138916015625,316.9701981708696,304.9050493643951,313.7429014770738,147694
2024-05-29,310.16802978515625,315.13310139911937,308.87709298289053,312.7498730852955,117101
2024-05-30,300.982666015625,312.2037164391944,297.9539539601348,312.2037164391944,92847
2024-05-31,298.1525573730469,304.01133595330396,294.4783921712555,302.5714833343046,116277
2024-06-03,305.1036682128906,307.63584275978354,296.06723129525903,307.63584275978354,136038
2024-06-04,284.29998779296875,303.8623820255188,263.14879489138065,303.8623820255188,231797
2024-06-05,290.1588134765625,299.0959428817413,270.9936177917094,286.5342867520582,125027
2024-06-06,297.9539489746094,302.67076722226057,290.6056487128315,290.9532098024845,108063
2024-06-07,303.812744140625,305.8484113803281,294.6770002503648,298.8973111216843,83735
2024-06-10,290.5063171386719,306.7917756664815,288.07345032151824,300.88332854523935,164461
2024-06-11,294.03155517578125,298.40081225609,291.0525121249717,292.9392333296058,76932
2024-06-12,294.3294372558594,297.9042948549977,292.9392232740811,295.81895873013434,49014
2024-06-13,291.4000549316406,297.5070867418845,288.9671578043152,294.9252435322392,76543
2024-06-14,293.5350341796875,296.81196925952787,290.30773769326623,292.641327367403,59994
2024-06-18,294.5280456542969,302.7204135796027,289.76155886057506,296.4644053449162,103705
2024-06-19,291.94622802734375,299.84070447841214,291.00285224359305,294.57771007623523,152896
2024-06-20,299.0462646484375,306.74212584052515,291.35040345634985,293.3861010510862,145034
2024-06-21,325.0632629394531,340.4053169082571,310.9128080424937,314.68625055992527,1109913
2024-06-24,329.6311340332031,336.6318732579607,317.0694779409766,321.0415354425454,251346
2024-06-25,326.30450439453125,333.5038580552707,323.7226611587671,327.94297192540745,163377
2024-06-26,319.2541198730469,326.1059129634093,317.2680911335567,325.65907467966014,67153
2024-06-27,309.42327880859375,322.48141150455865,304.6567917261214,320.3960753000016,94448
2024-06-28,310.3169860839844,315.72892644304636,307.8840887913287,311.0121082545698,58565
2024-07-01,306.7917785644531,313.4449561583714,305.8980414554329,313.4449561583714,54572
2024-07-02,308.82745361328125,311.7568579799229,305.40154208648966,306.8414249726814,52249
2024-07-03,310.4659118652344,314.6862225998769,308.6288293669235,308.8274443467808,55370
2024-07-04,303.1672668457031,317.76458981194656,302.025306411945,306.0966712797891,222542
2024-07-05,307.7848205566406,310.76386370974484,299.8903440791569,304.5575238074444,68758
2024-07-08,312.7001953125,318.7575885705126,307.78479273680443,312.10438067485444,111911
2024-07-09,309.8701171875,317.66528593089,308.4302645561688,317.66528593089,64364
2024-07-10,302.2239074707031,312.50161150953994,296.31546027949213,312.0051043608463,92783
2024-07-11,303.9120178222656,306.84142216207454,300.93297488865323,303.11761849505905,59512
2024-07-12,300.8833312988281,313.6932096397811,298.9966101997467,306.8414170671217,54937
2024-07-15,300.9329833984375,305.8484164996533,296.96092604129916,302.62111989697837,58746
2024-07-16,300.28753662109375,303.91203297684604,299.4434683536024,300.9329898946836,28808
2024-07-18,294.62738037109375,303.0183337479682,291.9462294078356,301.876373265245,56435
2024-07-19,283.8034973144531,294.6273782859413,282.11539105327716,292.9392417203714,126308
2024-07-22,287.9741516113281,288.96716592722925,277.5971398884045,283.00908003182246,33106
2024-07-23,286.78253173828125,289.4140440054421,276.70344216141956,288.76856043537293,64218
2024-07-24,291.1021423339844,292.1448255543635,286.5839392921846,286.78252397388144,25060
2024-07-25,294.3294372558594,309.82046664919767,284.0020944284312,290.4566874836228,232353
2024-07-26,293.8825988769531,301.8763519972282,289.51331164400597,297.25884148972796,93619
2024-07-29,284.597900390625,297.507086106908,283.55521720782906,294.92524290277316,94604
2024-07-30,284.0021057128906,288.81823139862075,282.86014526478385,285.888826927727,43973
2024-07-31,283.00909423828125,287.0804591987282,280.52655832391036,286.8322056072911,51195
2024-08-01,280.5762023925781,294.18051159041573,278.19297392918014,285.8391968163258,164117
2024-08-02,272.6817321777344,280.0300319189855,271.09290324072003,273.0789318358901,98736
2024-08-05,262.10614013671875,272.8803211933088,255.60187820148653,268.11386461087227,132163
2024-08-06,262.9501953125,271.04328674101964,262.20543452860386,264.14182468849134,47257
2024-08-07,269.5537414550781,271.09290148460786,264.34041642652795,264.34041642652795,35794
2024-08-08,274.81671142578125,281.5195580459223,262.4040324995942,269.1068791197352,93303
2024-08-09,263.347412109375,278.34190423016366,261.16276846434215,277.0509977245303,130854
2024-08-12,271.4404602050781,273.4264887702451,259.9214884662313,263.744599515056,68294
2024-08-13,265.73065185546875,277.49787821778955,263.1984470256868,269.10689465745105,130560
2024-08-14,252.8214569091797,268.31248666696905,251.23262790502824,265.73064332327203,182065
2024-08-16,250.09066772460938,256.2970073529529,246.31721020013725,253.46691042154973,135402
2024-08-19,254.2613067626953,258.1340868884563,246.26755353776278,253.2186538392319,215912
2024-08-20,257.3893127441406,259.12708772905256,252.72213352004943,254.70816207423448,76004
2024-08-21,268.3125,276.0580001115891,257.3893417222033,258.1837411115581,144738
2024-08-22,268.5110778808594,272.08593565102154,264.68796651977476,270.99361379008405,147172
2024-08-23,268.56072998046875,276.7034290706807,264.9362035362371,269.90127504407053,194666
2024-08-26,280.2782897949219,284.00209346801654,268.1635030566973,269.70269342421153,283938
2024-08-27,279.6328430175781,282.95944710333214,274.4195177547135,281.1720031162859,242813
2024-08-28,285.1440734863281,285.4916345806094,278.88809500684107,279.5335482937097,95198
2024-08-29,282.9594421386719,286.23637726750576,278.242624126458,285.39230903602066,91578
2024-08-30,283.95245361328125,285.93848223011304,281.96642499644946,284.29998437771343,39929
2024-09-02,284.49859619140625,286.7328783604487,277.1999350449893,285.49161048875845,122088
2024-09-03,281.07269287109375,285.98812590687504,279.1363331179013,285.4916187438423,38163
2024-09-04,281.37060546875,283.0090729883305,279.13632331357894,279.6328304591725,24494
2024-09-05,284.29998779296875,285.6405631863127,280.0300383372428,280.0300383372428,24348
2024-09-06,285.5,288.0,281.79998779296875,282.0,38057
2024-09-09,277.29998779296875,289.6499938964844,275.79998779296875,286.0,34366
2024-09-10,279.70001220703125,281.25,275.25,279.8999938964844,28997
2024-09-11,280.45001220703125,282.70001220703125,276.75,281.0,49987
2024-09-12,283.45001220703125,288.0,279.1000061035156,283.54998779296875,56377
2024-09-13,285.6000061035156,288.0,279.6000061035156,279.6000061035156,44516
2024-09-16,281.20001220703125,287.6499938964844,280.6000061035156,285.6499938964844,21968
2024-09-17,287.1000061035156,288.5,279.8999938964844,281.0,91453
2024-09-18,287.29998779296875,288.25,280.0,287.75,58250
2024-09-19,286.1000061035156,294.95001220703125,284.1000061035156,288.0,94406
2024-09-20,285.6000061035156,288.95001220703125,282.0,287.6000061035156,32748
2024-09-23,283.54998779296875,289.3999938964844,283.04998779296875,285.6000061035156,23891
2024-09-24,297.29998779296875,299.0,283.6499938964844,284.75,128070
2024-09-25,299.25,317.3999938964844,295.54998779296875,301.45001220703125,524620
2024-09-26,296.25,302.20001220703125,295.1499938964844,299.3999938964844,55661
2024-09-27,297.3500061035156,299.5,286.20001220703125,299.5,90158
2024-09-30,314.25,317.0,294.29998779296875,299.0,633415
2024-10-01,302.8999938964844,322.0,301.0,317.95001220703125,209546
2024-10-03,291.25,302.8999938964844,290.0,297.04998779296875,90511
2024-10-04,290.8999938964844,296.95001220703125,286.1499938964844,292.29998779296875,51709
2024-10-07,288.0,294.0,278.04998779296875,290.8999938964844,65745
2024-10-08,288.5,293.5,282.04998779296875,282.1000061035156,40634
2024-10-09,284.8500061035156,292.54998779296875,282.25,291.29998779296875,35639
2024-10-10,288.70001220703125,289.95001220703125,284.0,286.0,18058
2024-10-11,290.95001220703125,293.8999938964844,286.04998779296875,288.70001220703125,20996
2024-10-14,293.25,297.0,285.6000061035156,293.8500061035156,47512
2024-10-15,289.3500061035156,294.8500061035156,285.95001220703125,293.25,37910
2024-10-16,288.8500061035156,289.95001220703125,282.70001220703125,285.0,42101
2024-10-17,283.75,289.0,269.3500061035156,289.0,90700
2024-10-18,281.1499938964844,284.95001220703125,273.8999938964844,284.95001220703125,72244
2024-10-21,266.04998779296875,281.8500061035156,264.1000061035156,281.20001220703125,73091
2024-10-22,264.45001220703125,271.75,259.25,267.3500061035156,162297
2024-10-23,263.6000061035156,267.1000061035156,253.64999389648438,267.1000061035156,46503
2024-10-24,265.95001220703125,271.0,261.8999938964844,264.8500061035156,26898
2024-10-25,263.25,267.1499938964844,256.5,266.0,51524
2024-10-28,263.1499938964844,265.8999938964844,258.54998779296875,265.8999938964844,186055
2024-10-29,260.29998779296875,264.45001220703125,257.8500061035156,262.95001220703125,21403
2024-10-30,266.1499938964844,271.1499938964844,261.79998779296875,263.5,21668
2024-10-31,266.79998779296875,269.3500061035156,262.79998779296875,267.5,19000
2024-11-01,272.1499938964844,278.70001220703125,269.0,276.0,18021
2024-11-04,272.04998779296875,278.0,267.54998779296875,278.0,37967
2024-11-05,273.8500061035156,277.5,270.0,274.79998779296875,30241
2024-11-06,276.1000061035156,278.0,271.79998779296875,276.0,69267
2024-11-07,263.95001220703125,287.70001220703125,261.20001220703125,277.95001220703125,221441
2024-11-08,265.45001220703125,267.70001220703125,261.25,267.70001220703125,41437
2024-11-11,259.20001220703125,267.95001220703125,258.0,263.1000061035156,43301
2024-11-12,255.14999389648438,261.95001220703125,254.14999389648438,259.95001220703125,28135
2024-11-13,252.5,255.14999389648438,245.0,255.14999389648438,202580
2024-11-14,250.64999389648438,256.04998779296875,248.0,253.1999969482422,140912
2024-11-18,253.6999969482422,258.0,248.10000610351562,251.35000610351562,28169
2024-11-19,259.3500061035156,262.54998779296875,253.6999969482422,253.6999969482422,29699
2024-11-21,259.54998779296875,262.0,253.64999389648438,261.8999938964844,26796
2024-11-22,262.45001220703125,263.95001220703125,256.75,258.54998779296875,20044
2024-11-25,263.3500061035156,269.0,262.1000061035156,264.0,33883
2024-11-26,266.3500061035156,270.0,263.75,265.3500061035156,30884
2024-11-27,263.25,269.1499938964844,261.3500061035156,268.3999938964844,18788
2024-11-28,260.8500061035156,271.0,259.79998779296875,263.25,28708
2024-11-29,256.70001220703125,263.6499938964844,254.10000610351562,260.8500061035156,34059
2024-12-02,260.3500061035156,263.0,255.3000030517578,259.20001220703125,39741
2024-12-03,263.3500061035156,267.0,260.5,262.95001220703125,31878
2024-12-04,260.95001220703125,265.0,260.0,264.8999938964844,26042
2024-12-05,256.54998779296875,263.3999938964844,255.10000610351562,263.0,60834
2024-12-06,260.95001220703125,262.6499938964844,256.20001220703125,257.1000061035156,31782
2024-12-09,259.95001220703125,266.95001220703125,258.3500061035156,258.3500061035156,28090
2024-12-10,251.89999389648438,262.75,249.0,259.0,104295
2024-12-11,252.3000030517578,257.6000061035156,250.5,254.6999969482422,40908
2024-12-12,256.0,258.0,251.0,253.9499969482422,31055
2024-12-13,248.4499969482422,254.89999389648438,245.6999969482422,254.5,67910
2024-12-16,250.3000030517578,254.25,247.0,250.8000030517578,35124
2024-12-17,249.39999389648438,253.10000610351562,248.25,251.0,22960
2024-12-18,247.5500030517578,250.0,245.60000610351562,249.39999389648438,12517
2024-12-19,246.10000610351562,246.89999389648438,239.14999389648438,245.0,37385
2024-12-20,243.35000610351562,251.4499969482422,241.9499969482422,246.10000610351562,27383
2024-12-23,236.14999389648438,244.4499969482422,235.10000610351562,243.0,61323
2024-12-24,228.60000610351562,238.0,226.5500030517578,238.0,57372
2024-12-26,231.5,237.5,229.5500030517578,230.85000610351562,36504
2024-12-27,232.14999389648438,234.4499969482422,228.60000610351562,228.60000610351562,22650
2024-12-30,226.4499969482422,234.3000030517578,225.5500030517578,234.3000030517578,37293
2024-12-31,226.10000610351562,227.60000610351562,224.35000610351562,227.60000610351562,34586
2025-01-01,231.49000549316406,236.0800018310547,225.10000610351562,225.10000610351562,39063
2025-01-02,233.1999969482422,234.9499969482422,230.0,232.38999938964844,32839
2025-01-03,244.2899932861328,246.72000122070312,235.24000549316406,238.77000427246094,57207
2025-01-06,232.4600067138672,245.0,228.00999450683594,245.0,78376
2025-01-07,234.75,238.0,230.97999572753906,233.3000030517578,42893
2025-01-08,231.75999450683594,236.39999389648438,230.10000610351562,236.39999389648438,24486
2025-01-09,232.58999633789062,234.10000610351562,231.0,231.75999450683594,10034
2025-01-10,229.4499969482422,232.0500030517578,225.9199981689453,231.3000030517578,53429
2025-01-13,218.1699981689453,231.44000244140625,216.0,228.39999389648438,96556
2025-01-14,229.1300048828125,231.88999938964844,220.89999389648438,220.89999389648438,68442
2025-01-15,235.42999267578125,239.94000244140625,226.10000610351562,227.3000030517578,54645
2025-01-16,235.1999969482422,240.0,232.60000610351562,235.0500030517578,30641
2025-01-17,229.63999938964844,236.10000610351562,227.5,235.14999389648438,35567
2025-01-20,229.27000427246094,233.5,228.0,229.14999389648438,27576
2025-01-21,229.02000427246094,234.39999389648438,227.16000366210938,231.5,16598
2025-01-22,228.36000061035156,230.0,219.0,228.6999969482422,28172
2025-01-23,225.13999938964844,229.89999389648438,223.5,228.89999389648438,33449
2025-01-24,218.25,227.19000244140625,213.89999389648438,226.3000030517578,29684
2025-01-27,210.05999755859375,220.67999267578125,208.39999389648438,218.25,42796
2025-01-28,213.8300018310547,220.0,203.30999755859375,212.16000366210938,50370
2025-01-29,226.19000244140625,234.0,212.97999572753906,214.0,79198
2025-01-30,237.05999755859375,240.0,218.7100067138672,221.60000610351562,195685
2025-01-31,235.7899932861328,241.0,234.1999969482422,238.0,133990
2025-02-01,229.94000244140625,237.9499969482422,228.14999389648438,237.9499969482422,11451
2025-02-03,233.63999938964844,235.0,222.3300018310547,225.60000610351562,30681
2025-02-04,232.63999938964844,234.0,225.07000732421875,233.86000061035156,19281
2025-02-05,236.57000732421875,239.89999389648438,232.97000122070312,234.5,26382
2025-02-06,236.50999450683594,238.0,233.00999450683594,235.5500030517578,13492
2025-02-07,237.3800048828125,238.58999633789062,233.63999938964844,236.82000732421875,13664
2025-02-10,229.72999572753906,237.58999633789062,227.52000427246094,237.3699951171875,25575
2025-02-11,223.4499969482422,229.0,221.0,229.0,20034
2025-02-12,223.5,227.69000244140625,219.0,220.10000610351562,21670
2025-02-13,218.08999633789062,223.77000427246094,218.0,223.49000549316406,29895
2025-02-14,213.25,220.39999389648438,211.60000610351562,219.9499969482422,27249
2025-02-17,208.89999389648438,215.3300018310547,207.6300048828125,212.5,28264
2025-02-18,199.52000427246094,210.47000122070312,197.5,210.47000122070312,67305
2025-02-19,202.22000122070312,206.5800018310547,199.00999450683594,200.89999389648438,76405
2025-02-20,206.80999755859375,209.49000549316406,201.17999267578125,202.02000427246094,24278
2025-02-21,213.19000244140625,214.5,203.19000244140625,206.80999755859375,52372
2025-02-24,209.97000122070312,217.49000549316406,207.10000610351562,213.19000244140625,34898
2025-02-25,210.69000244140625,212.49000549316406,207.10000610351562,208.89999389648438,25219
2025-02-27,208.60000610351562,212.8000030517578,206.0,212.4499969482422,26377
2025-02-28,201.8800048828125,208.58999633789062,201.10000610351562,208.58999633789062,20415
2025-03-03,201.02999877929688,203.89999389648438,199.0,202.0,65806
2025-03-04,197.6300048828125,203.9499969482422,196.10000610351562,203.0500030517578,27660
2025-03-05,200.11000061035156,205.0,193.10000610351562,199.5,167399
2025-03-06,200.07000732421875,206.94000244140625,199.10000610351562,202.10000610351562,47165
2025-03-07,203.1300048828125,206.9600067138672,200.07000732421875,200.07000732421875,116266
2025-03-10,200.60000610351562,205.10000610351562,199.92999267578125,203.0,39756
2025-03-11,193.75,201.0,190.42999267578125,201.0,40163
2025-03-12,189.1199951171875,195.8000030517578,188.5500030517578,195.6999969482422,63309
2025-03-13,187.47999572753906,194.99000549316406,186.0,189.36000061035156,77372
2025-03-17,185.07000732421875,188.5500030517578,178.0,187.47999572753906,166083
2025-03-18,185.07000732421875,185.07000732421875,185.07000732421875,185.07000732421875,0
2025-03-19,198.82000732421875,201.35000610351562,189.0500030517578,189.0500030517578,170982
2025-03-20,199.6199951171875,203.0,198.82000732421875,198.82000732421875,52973
2025-03-21,202.41000366210938,204.0,199.6199951171875,199.6199951171875,47945
2025-03-24,209.07000732421875,216.6999969482422,202.41000366210938,202.41000366210938,125352
2025-03-25,202.88999938964844,212.67999267578125,202.0,209.0800018310547,92366
2025-03-26,197.4600067138672,204.89999389648438,196.00999450683594,204.0,78684
2025-03-27,203.24000549316406,205.0,194.41000366210938,196.0,136064
2025-03-28,199.91000366210938,208.5500030517578,198.0,205.22999572753906,146741
2025-04-01,205.77999877929688,208.99000549316406,197.72000122070312,201.85000610351562,40373
2025-04-02,209.75999450683594,212.6999969482422,201.82000732421875,202.6999969482422,37899
2025-04-03,212.3800048828125,218.6999969482422,205.91000366210938,206.60000610351562,62693
2025-04-04,206.99000549316406,214.14999389648438,205.0,214.14999389648438,40576
2025-04-07,193.08999633789062,200.69000244140625,191.60000610351562,195.0,77133
2025-04-08,200.3300018310547,201.60000610351562,195.0,195.0,41473
2025-04-09,199.5,201.4499969482422,195.1999969482422,201.4499969482422,16605
2025-04-11,208.7899932861328,210.0,202.1199951171875,208.99000549316406,47695
2025-04-15,213.25,214.4199981689453,208.22000122070312,212.14999389648438,44909
2025-04-16,218.22999572753906,224.5,213.25,215.5,111496
2025-04-17,207.88999938964844,221.39999389648438,206.10000610351562,219.5,167467
2025-04-21,203.25999450683594,210.58999633789062,201.6199951171875,207.99000549316406,156240
2025-04-22,207.4499969482422,218.41000366210938,203.0,205.8000030517578,308816
2025-04-23,248.94000244140625,248.94000244140625,207.99000549316406,209.8000030517578,398482
2025-04-24,270.54998779296875,294.3500061035156,260.30999755859375,265.0,1912038
2025-04-25,252.4499969482422,267.0,246.0,267.0,313116
2025-04-28,250.36000061035156,264.489990234375,247.0,252.3000030517578,190403
2025-04-29,248.38999938964844,259.19000244140625,243.8000030517578,256.8900146484375,103814
2025-04-30,240.8699951171875,251.3000030517578,240.0,248.1999969482422,62865
2025-05-02,238.38999938964844,245.94000244140625,237.47000122070312,243.0,30825
2025-05-05,234.0399932861328,237.5,230.41000366210938,234.5,63027
2025-05-06,232.3800048828125,241.19000244140625,230.1999969482422,234.0399932861328,95470
2025-05-07,242.0,245.0,227.22000122070312,231.02000427246094,141171
2025-05-08,240.88999938964844,248.0,238.10000610351562,244.11000061035156,56566
2025-05-09,234.13999938964844,239.0,232.52999877929688,237.1999969482422,29549
2025-05-12,244.55999755859375,246.9499969482422,237.00999450683594,237.64999389648438,56721
2025-05-13,245.77999877929688,248.25,242.1999969482422,248.25,33971
2025-05-14,258.5799865722656,262.8800048828125,246.0,246.00999450683594,243134
2025-05-15,251.7899932861328,259.42999267578125,250.5,258.5,101547
2025-05-16,257.95001220703125,260.3999938964844,251.61000061035156,252.25,198422
2025-05-19,266.80999755859375,275.79998779296875,252.02000427246094,257.8999938964844,390739
2025-05-20,258.57000732421875,269.8999938964844,255.6300048828125,265.1000061035156,84626
2025-05-21,259.0799865722656,264.8999938964844,257.0,262.45001220703125,29450
2025-05-22,263.8399963378906,268.25,255.8699951171875,260.3999938964844,144749
2025-05-23,265.95001220703125,267.3500061035156,260.1300048828125,265.6700134277344,63366
2025-05-26,271.4200134277344,280.0,270.0,271.5,215386
2025-05-27,272.0799865722656,276.19000244140625,268.5,272.0,89532
2025-05-28,270.989990234375,275.2300109863281,268.4700012207031,270.0,95366
2025-05-29,274.8699951171875,278.0,270.989990234375,271.0,79513
2025-05-30,287.55999755859375,290.29998779296875,279.55999755859375,280.0,288986
2025-06-02,272.0,291.0,270.6499938964844,290.0,134559
2025-06-03,267.04998779296875,273.3500061035156,266.0,270.04998779296875,45372
2025-06-04,269.3999938964844,281.95001220703125,268.0,268.0,150749
2025-06-05,263.29998779296875,271.20001220703125,261.6000061035156,271.20001220703125,83357
2025-06-06,263.45001220703125,267.25,262.5,265.0,26881
2025-06-09,263.3500061035156,270.6000061035156,262.6000061035156,263.95001220703125,52424
2025-06-10,264.45001220703125,265.79998779296875,260.1000061035156,265.70001220703125,73573
2025-06-11,263.79998779296875,267.45001220703125,262.0,265.79998779296875,29685
2025-06-12,259.3500061035156,264.3500061035156,258.0,264.3500061035156,26917
2025-06-13,255.1999969482422,259.70001220703125,249.9499969482422,252.0,59282
2025-06-16,254.0500030517578,256.95001220703125,245.10000610351562,252.64999389648438,61577
2025-06-17,250.75,257.79998779296875,249.5500030517578,256.6000061035156,52669
2025-06-18,249.39999389648438,254.5,246.60000610351562,254.5,56019
2025-06-19,246.35000610351562,251.0,244.0,247.8000030517578,31054
2025-06-20,251.39999389648438,253.6999969482422,243.3000030517578,244.6999969482422,51765
2025-06-23,246.60000610351562,250.1999969482422,244.5500030517578,245.0,38720
2025-06-24,243.89999389648438,250.35000610351562,242.35000610351562,246.89999389648438,40229
2025-06-25,267.1499938964844,277.29998779296875,242.89999389648438,246.10000610351562,644725
2025-06-26,270.79998779296875,277.0,260.70001220703125,271.95001220703125,274666
2025-06-27,263.6000061035156,272.70001220703125,262.0,272.70001220703125,83288
2025-06-30,262.0,266.8999938964844,260.54998779296875,264.1499938964844,40987
2025-07-01,263.45001220703125,265.54998779296875,260.0,264.6000061035156,44954
2025-07-02,256.75,264.5,251.5,264.5,197905
2025-07-03,260.25,263.70001220703125,257.95001220703125,258.25,40942
2025-07-04,257.3500061035156,262.0,256.25,260.95001220703125,38281
2025-07-07,253.60000610351562,259.6000061035156,250.64999389648438,257.5,46105
2025-07-08,255.6999969482422,258.6000061035156,252.0,255.0,49093
2025-07-09,254.5,257.5,253.5,257.0,22332
2025-07-10,261.54998779296875,263.0,254.5,257.04998779296875,81997
2025-07-11,262.79998779296875,269.3999938964844,260.1000061035156,262.0,78247
